system:index,groups,label,.geo
2,"[{classification=0, sum=0.0}]",3,"{""type"":""Polygon"",""coordinates"":[[[20.97139,56.00624959587458],[21.556105082644528,56.00624959587458],[21.556105082644528,56.17751439381187],[20.97139,56.17751439381187],[20.97139,56.00624959587458]]]}"
3,"[{classification=0, sum=0.0}, {classification=1, sum=10.0}]",4,"{""type"":""Polygon"",""coordinates"":[[[20.97139,56.17751439381187],[21.556105082644528,56.17751439381187],[21.556105082644528,56.34877919174916],[20.97139,56.34877919174916],[20.97139,56.17751439381187]]]}"
4,"[{classification=0, sum=0.0}, {classification=1, sum=13.0}]",5,"{""type"":""Polygon"",""coordinates"":[[[20.97139,56.34877919174916],[21.556105082644528,56.34877919174916],[21.556105082644528,56.52004398968645],[20.97139,56.52004398968645],[20.97139,56.34877919174916]]]}"
5,"[{classification=0, sum=0.0}, {classification=1, sum=25.0}]",6,"{""type"":""Polygon"",""coordinates"":[[[20.97139,56.52004398968645],[21.556105082644528,56.52004398968645],[21.556105082644528,56.69130878762374],[20.97139,56.69130878762374],[20.97139,56.52004398968645]]]}"
6,"[{classification=0, sum=0.0}, {classification=1, sum=21.0}]",7,"{""type"":""Polygon"",""coordinates"":[[[20.97139,56.69130878762374],[21.556105082644528,56.69130878762374],[21.556105082644528,56.86257358556103],[20.97139,56.86257358556103],[20.97139,56.69130878762374]]]}"
7,"[{classification=0, sum=0.0}, {classification=1, sum=2.0}]",8,"{""type"":""Polygon"",""coordinates"":[[[20.97139,56.86257358556103],[21.556105082644528,56.86257358556103],[21.556105082644528,57.03383838349832],[20.97139,57.03383838349832],[20.97139,56.86257358556103]]]}"
8,"[{classification=0, sum=0.0}, {classification=1, sum=4.0}]",9,"{""type"":""Polygon"",""coordinates"":[[[20.97139,57.03383838349832],[21.556105082644528,57.03383838349832],[21.556105082644528,57.20510318143561],[20.97139,57.20510318143561],[20.97139,57.03383838349832]]]}"
9,"[{classification=0, sum=0.0}, {classification=1, sum=2.0}]",10,"{""type"":""Polygon"",""coordinates"":[[[20.97139,57.20510318143561],[21.556105082644528,57.20510318143561],[21.556105082644528,57.3763679793729],[20.97139,57.3763679793729],[20.97139,57.20510318143561]]]}"
10,"[{classification=0, sum=0.0}]",11,"{""type"":""Polygon"",""coordinates"":[[[20.97139,57.3763679793729],[21.556105082644528,57.3763679793729],[21.556105082644528,57.54763277731019],[20.97139,57.54763277731019],[20.97139,57.3763679793729]]]}"
18,"[{classification=0, sum=0.0}, {classification=1, sum=0.7450980392156863}]",19,"{""type"":""Polygon"",""coordinates"":[[[21.556105082644528,56.17751439381187],[22.140820165289057,56.17751439381187],[22.140820165289057,56.34877919174916],[21.556105082644528,56.34877919174916],[21.556105082644528,56.17751439381187]]]}"
19,"[{classification=0, sum=0.0}, {classification=1, sum=26.0}]",20,"{""type"":""Polygon"",""coordinates"":[[[21.556105082644528,56.34877919174916],[22.140820165289057,56.34877919174916],[22.140820165289057,56.52004398968645],[21.556105082644528,56.52004398968645],[21.556105082644528,56.34877919174916]]]}"
20,"[{classification=0, sum=0.0}, {classification=1, sum=9.0}]",21,"{""type"":""Polygon"",""coordinates"":[[[21.556105082644528,56.52004398968645],[22.140820165289057,56.52004398968645],[22.140820165289057,56.69130878762374],[21.556105082644528,56.69130878762374],[21.556105082644528,56.52004398968645]]]}"
21,"[{classification=0, sum=0.0}, {classification=1, sum=31.0}]",22,"{""type"":""Polygon"",""coordinates"":[[[21.556105082644528,56.69130878762374],[22.140820165289057,56.69130878762374],[22.140820165289057,56.86257358556103],[21.556105082644528,56.86257358556103],[21.556105082644528,56.69130878762374]]]}"
22,"[{classification=0, sum=0.0}, {classification=1, sum=11.0}]",23,"{""type"":""Polygon"",""coordinates"":[[[21.556105082644528,56.86257358556103],[22.140820165289057,56.86257358556103],[22.140820165289057,57.03383838349832],[21.556105082644528,57.03383838349832],[21.556105082644528,56.86257358556103]]]}"
23,"[{classification=0, sum=0.0}, {classification=1, sum=1.0}]",24,"{""type"":""Polygon"",""coordinates"":[[[21.556105082644528,57.03383838349832],[22.140820165289057,57.03383838349832],[22.140820165289057,57.20510318143561],[21.556105082644528,57.20510318143561],[21.556105082644528,57.03383838349832]]]}"
24,"[{classification=0, sum=0.0}, {classification=1, sum=4.0}]",25,"{""type"":""Polygon"",""coordinates"":[[[21.556105082644528,57.20510318143561],[22.140820165289057,57.20510318143561],[22.140820165289057,57.3763679793729],[21.556105082644528,57.3763679793729],[21.556105082644528,57.20510318143561]]]}"
25,"[{classification=0, sum=0.0}, {classification=1, sum=13.0}]",26,"{""type"":""Polygon"",""coordinates"":[[[21.556105082644528,57.3763679793729],[22.140820165289057,57.3763679793729],[22.140820165289057,57.54763277731019],[21.556105082644528,57.54763277731019],[21.556105082644528,57.3763679793729]]]}"
26,"[{classification=0, sum=0.0}]",27,"{""type"":""Polygon"",""coordinates"":[[[21.556105082644528,57.54763277731019],[22.140820165289057,57.54763277731019],[22.140820165289057,57.71889757524748],[21.556105082644528,57.71889757524748],[21.556105082644528,57.54763277731019]]]}"
34,"[{classification=0, sum=0.0}, {classification=1, sum=21.0}]",35,"{""type"":""Polygon"",""coordinates"":[[[22.140820165289057,56.34877919174916],[22.725535247933585,56.34877919174916],[22.725535247933585,56.52004398968645],[22.140820165289057,56.52004398968645],[22.140820165289057,56.34877919174916]]]}"
35,"[{classification=0, sum=0.0}, {classification=1, sum=16.0}]",36,"{""type"":""Polygon"",""coordinates"":[[[22.140820165289057,56.52004398968645],[22.725535247933585,56.52004398968645],[22.725535247933585,56.69130878762374],[22.140820165289057,56.69130878762374],[22.140820165289057,56.52004398968645]]]}"
36,"[{classification=0, sum=0.0}, {classification=1, sum=12.0}]",37,"{""type"":""Polygon"",""coordinates"":[[[22.140820165289057,56.69130878762374],[22.725535247933585,56.69130878762374],[22.725535247933585,56.86257358556103],[22.140820165289057,56.86257358556103],[22.140820165289057,56.69130878762374]]]}"
37,"[{classification=0, sum=0.0}, {classification=1, sum=6.0}]",38,"{""type"":""Polygon"",""coordinates"":[[[22.140820165289057,56.86257358556103],[22.725535247933585,56.86257358556103],[22.725535247933585,57.03383838349832],[22.140820165289057,57.03383838349832],[22.140820165289057,56.86257358556103]]]}"
38,"[{classification=0, sum=0.0}, {classification=1, sum=5.0}]",39,"{""type"":""Polygon"",""coordinates"":[[[22.140820165289057,57.03383838349832],[22.725535247933585,57.03383838349832],[22.725535247933585,57.20510318143561],[22.140820165289057,57.20510318143561],[22.140820165289057,57.03383838349832]]]}"
39,"[{classification=0, sum=0.0}, {classification=1, sum=22.0}]",40,"{""type"":""Polygon"",""coordinates"":[[[22.140820165289057,57.20510318143561],[22.725535247933585,57.20510318143561],[22.725535247933585,57.3763679793729],[22.140820165289057,57.3763679793729],[22.140820165289057,57.20510318143561]]]}"
40,"[{classification=0, sum=0.0}, {classification=1, sum=2.0}]",41,"{""type"":""Polygon"",""coordinates"":[[[22.140820165289057,57.3763679793729],[22.725535247933585,57.3763679793729],[22.725535247933585,57.54763277731019],[22.140820165289057,57.54763277731019],[22.140820165289057,57.3763679793729]]]}"
41,"[{classification=0, sum=0.0}, {classification=1, sum=4.8235294117647065}]",42,"{""type"":""Polygon"",""coordinates"":[[[22.140820165289057,57.54763277731019],[22.725535247933585,57.54763277731019],[22.725535247933585,57.71889757524748],[22.140820165289057,57.71889757524748],[22.140820165289057,57.54763277731019]]]}"
42,"[{classification=0, sum=0.0}]",43,"{""type"":""Polygon"",""coordinates"":[[[22.140820165289057,57.71889757524748],[22.725535247933585,57.71889757524748],[22.725535247933585,57.89016237318477],[22.140820165289057,57.89016237318477],[22.140820165289057,57.71889757524748]]]}"
48,"[{classification=0, sum=0.0}]",49,"{""type"":""Polygon"",""coordinates"":[[[22.725535247933585,56.17751439381187],[23.310250330578114,56.17751439381187],[23.310250330578114,56.34877919174916],[22.725535247933585,56.34877919174916],[22.725535247933585,56.17751439381187]]]}"
49,"[{classification=0, sum=0.0}, {classification=1, sum=16.0}]",50,"{""type"":""Polygon"",""coordinates"":[[[22.725535247933585,56.34877919174916],[23.310250330578114,56.34877919174916],[23.310250330578114,56.52004398968645],[22.725535247933585,56.52004398968645],[22.725535247933585,56.34877919174916]]]}"
50,"[{classification=0, sum=0.0}, {classification=1, sum=16.0}]",51,"{""type"":""Polygon"",""coordinates"":[[[22.725535247933585,56.52004398968645],[23.310250330578114,56.52004398968645],[23.310250330578114,56.69130878762374],[22.725535247933585,56.69130878762374],[22.725535247933585,56.52004398968645]]]}"
51,"[{classification=0, sum=0.0}, {classification=1, sum=23.0}]",52,"{""type"":""Polygon"",""coordinates"":[[[22.725535247933585,56.69130878762374],[23.310250330578114,56.69130878762374],[23.310250330578114,56.86257358556103],[22.725535247933585,56.86257358556103],[22.725535247933585,56.69130878762374]]]}"
52,"[{classification=0, sum=0.0}, {classification=1, sum=15.0}]",53,"{""type"":""Polygon"",""coordinates"":[[[22.725535247933585,56.86257358556103],[23.310250330578114,56.86257358556103],[23.310250330578114,57.03383838349832],[22.725535247933585,57.03383838349832],[22.725535247933585,56.86257358556103]]]}"
53,"[{classification=0, sum=0.0}, {classification=1, sum=6.0}]",54,"{""type"":""Polygon"",""coordinates"":[[[22.725535247933585,57.03383838349832],[23.310250330578114,57.03383838349832],[23.310250330578114,57.20510318143561],[22.725535247933585,57.20510318143561],[22.725535247933585,57.03383838349832]]]}"
54,"[{classification=0, sum=0.0}, {classification=1, sum=2.0}]",55,"{""type"":""Polygon"",""coordinates"":[[[22.725535247933585,57.20510318143561],[23.310250330578114,57.20510318143561],[23.310250330578114,57.3763679793729],[22.725535247933585,57.3763679793729],[22.725535247933585,57.20510318143561]]]}"
55,"[{classification=0, sum=0.0}]",56,"{""type"":""Polygon"",""coordinates"":[[[22.725535247933585,57.3763679793729],[23.310250330578114,57.3763679793729],[23.310250330578114,57.54763277731019],[22.725535247933585,57.54763277731019],[22.725535247933585,57.3763679793729]]]}"
63,"[{classification=0, sum=0.0}]",64,"{""type"":""Polygon"",""coordinates"":[[[23.310250330578114,56.17751439381187],[23.894965413222643,56.17751439381187],[23.894965413222643,56.34877919174916],[23.310250330578114,56.34877919174916],[23.310250330578114,56.17751439381187]]]}"
64,"[{classification=0, sum=0.0}, {classification=1, sum=17.0}]",65,"{""type"":""Polygon"",""coordinates"":[[[23.310250330578114,56.34877919174916],[23.894965413222643,56.34877919174916],[23.894965413222643,56.52004398968645],[23.310250330578114,56.52004398968645],[23.310250330578114,56.34877919174916]]]}"
65,"[{classification=0, sum=0.0}, {classification=1, sum=20.0}]",66,"{""type"":""Polygon"",""coordinates"":[[[23.310250330578114,56.52004398968645],[23.894965413222643,56.52004398968645],[23.894965413222643,56.69130878762374],[23.310250330578114,56.69130878762374],[23.310250330578114,56.52004398968645]]]}"
66,"[{classification=0, sum=0.0}, {classification=1, sum=1.0}]",67,"{""type"":""Polygon"",""coordinates"":[[[23.310250330578114,56.69130878762374],[23.894965413222643,56.69130878762374],[23.894965413222643,56.86257358556103],[23.310250330578114,56.86257358556103],[23.310250330578114,56.69130878762374]]]}"
67,"[{classification=0, sum=0.0}, {classification=1, sum=3.0}]",68,"{""type"":""Polygon"",""coordinates"":[[[23.310250330578114,56.86257358556103],[23.894965413222643,56.86257358556103],[23.894965413222643,57.03383838349832],[23.310250330578114,57.03383838349832],[23.310250330578114,56.86257358556103]]]}"
68,"[{classification=0, sum=0.0}]",69,"{""type"":""Polygon"",""coordinates"":[[[23.310250330578114,57.03383838349832],[23.894965413222643,57.03383838349832],[23.894965413222643,57.20510318143561],[23.310250330578114,57.20510318143561],[23.310250330578114,57.03383838349832]]]}"
78,"[{classification=0, sum=0.0}, {classification=1, sum=9.0}]",79,"{""type"":""Polygon"",""coordinates"":[[[23.894965413222643,56.17751439381187],[24.47968049586717,56.17751439381187],[24.47968049586717,56.34877919174916],[23.894965413222643,56.34877919174916],[23.894965413222643,56.17751439381187]]]}"
79,"[{classification=0, sum=0.0}, {classification=1, sum=16.0}]",80,"{""type"":""Polygon"",""coordinates"":[[[23.894965413222643,56.34877919174916],[24.47968049586717,56.34877919174916],[24.47968049586717,56.52004398968645],[23.894965413222643,56.52004398968645],[23.894965413222643,56.34877919174916]]]}"
80,"[{classification=0, sum=0.0}, {classification=1, sum=9.0}]",81,"{""type"":""Polygon"",""coordinates"":[[[23.894965413222643,56.52004398968645],[24.47968049586717,56.52004398968645],[24.47968049586717,56.69130878762374],[23.894965413222643,56.69130878762374],[23.894965413222643,56.52004398968645]]]}"
81,"[{classification=0, sum=0.0}, {classification=1, sum=3.0}]",82,"{""type"":""Polygon"",""coordinates"":[[[23.894965413222643,56.69130878762374],[24.47968049586717,56.69130878762374],[24.47968049586717,56.86257358556103],[23.894965413222643,56.86257358556103],[23.894965413222643,56.69130878762374]]]}"
82,"[{classification=0, sum=0.0}, {classification=1, sum=22.0}]",83,"{""type"":""Polygon"",""coordinates"":[[[23.894965413222643,56.86257358556103],[24.47968049586717,56.86257358556103],[24.47968049586717,57.03383838349832],[23.894965413222643,57.03383838349832],[23.894965413222643,56.86257358556103]]]}"
83,"[{classification=0, sum=0.0}, {classification=1, sum=9.0}]",84,"{""type"":""Polygon"",""coordinates"":[[[23.894965413222643,57.03383838349832],[24.47968049586717,57.03383838349832],[24.47968049586717,57.20510318143561],[23.894965413222643,57.20510318143561],[23.894965413222643,57.03383838349832]]]}"
84,"[{classification=0, sum=0.0}, {classification=1, sum=3.0}]",85,"{""type"":""Polygon"",""coordinates"":[[[23.894965413222643,57.20510318143561],[24.47968049586717,57.20510318143561],[24.47968049586717,57.3763679793729],[23.894965413222643,57.3763679793729],[23.894965413222643,57.20510318143561]]]}"
85,"[{classification=0, sum=0.0}]",86,"{""type"":""Polygon"",""coordinates"":[[[23.894965413222643,57.3763679793729],[24.47968049586717,57.3763679793729],[24.47968049586717,57.54763277731019],[23.894965413222643,57.54763277731019],[23.894965413222643,57.3763679793729]]]}"
86,"[{classification=0, sum=0.0}, {classification=1, sum=1.0}]",87,"{""type"":""Polygon"",""coordinates"":[[[23.894965413222643,57.54763277731019],[24.47968049586717,57.54763277731019],[24.47968049586717,57.71889757524748],[23.894965413222643,57.71889757524748],[23.894965413222643,57.54763277731019]]]}"
87,"[{classification=0, sum=0.0}]",88,"{""type"":""Polygon"",""coordinates"":[[[23.894965413222643,57.71889757524748],[24.47968049586717,57.71889757524748],[24.47968049586717,57.89016237318477],[23.894965413222643,57.89016237318477],[23.894965413222643,57.71889757524748]]]}"
88,"[{classification=0, sum=0.0}]",89,"{""type"":""Polygon"",""coordinates"":[[[23.894965413222643,57.89016237318477],[24.47968049586717,57.89016237318477],[24.47968049586717,58.06142717112206],[23.894965413222643,58.06142717112206],[23.894965413222643,57.89016237318477]]]}"
93,"[{classification=0, sum=0.0}, {classification=1, sum=3.0}]",94,"{""type"":""Polygon"",""coordinates"":[[[24.47968049586717,56.17751439381187],[25.0643955785117,56.17751439381187],[25.0643955785117,56.34877919174916],[24.47968049586717,56.34877919174916],[24.47968049586717,56.17751439381187]]]}"
94,"[{classification=0, sum=0.0}, {classification=1, sum=17.0}]",95,"{""type"":""Polygon"",""coordinates"":[[[24.47968049586717,56.34877919174916],[25.0643955785117,56.34877919174916],[25.0643955785117,56.52004398968645],[24.47968049586717,56.52004398968645],[24.47968049586717,56.34877919174916]]]}"
95,"[{classification=0, sum=0.0}, {classification=1, sum=15.0}]",96,"{""type"":""Polygon"",""coordinates"":[[[24.47968049586717,56.52004398968645],[25.0643955785117,56.52004398968645],[25.0643955785117,56.69130878762374],[24.47968049586717,56.69130878762374],[24.47968049586717,56.52004398968645]]]}"
96,"[{classification=0, sum=0.0}, {classification=1, sum=14.0}]",97,"{""type"":""Polygon"",""coordinates"":[[[24.47968049586717,56.69130878762374],[25.0643955785117,56.69130878762374],[25.0643955785117,56.86257358556103],[24.47968049586717,56.86257358556103],[24.47968049586717,56.69130878762374]]]}"
97,"[{classification=0, sum=0.0}, {classification=1, sum=10.0}]",98,"{""type"":""Polygon"",""coordinates"":[[[24.47968049586717,56.86257358556103],[25.0643955785117,56.86257358556103],[25.0643955785117,57.03383838349832],[24.47968049586717,57.03383838349832],[24.47968049586717,56.86257358556103]]]}"
98,"[{classification=0, sum=0.0}, {classification=1, sum=7.0}]",99,"{""type"":""Polygon"",""coordinates"":[[[24.47968049586717,57.03383838349832],[25.0643955785117,57.03383838349832],[25.0643955785117,57.20510318143561],[24.47968049586717,57.20510318143561],[24.47968049586717,57.03383838349832]]]}"
99,"[{classification=0, sum=0.0}, {classification=1, sum=3.0}]",100,"{""type"":""Polygon"",""coordinates"":[[[24.47968049586717,57.20510318143561],[25.0643955785117,57.20510318143561],[25.0643955785117,57.3763679793729],[24.47968049586717,57.3763679793729],[24.47968049586717,57.20510318143561]]]}"
100,"[{classification=0, sum=0.0}, {classification=1, sum=2.0}]",101,"{""type"":""Polygon"",""coordinates"":[[[24.47968049586717,57.3763679793729],[25.0643955785117,57.3763679793729],[25.0643955785117,57.54763277731019],[24.47968049586717,57.54763277731019],[24.47968049586717,57.3763679793729]]]}"
101,"[{classification=0, sum=0.0}, {classification=1, sum=4.0}]",102,"{""type"":""Polygon"",""coordinates"":[[[24.47968049586717,57.54763277731019],[25.0643955785117,57.54763277731019],[25.0643955785117,57.71889757524748],[24.47968049586717,57.71889757524748],[24.47968049586717,57.54763277731019]]]}"
102,"[{classification=0, sum=0.0}, {classification=1, sum=7.0}]",103,"{""type"":""Polygon"",""coordinates"":[[[24.47968049586717,57.71889757524748],[25.0643955785117,57.71889757524748],[25.0643955785117,57.89016237318477],[24.47968049586717,57.89016237318477],[24.47968049586717,57.71889757524748]]]}"
103,"[{classification=0, sum=0.0}]",104,"{""type"":""Polygon"",""coordinates"":[[[24.47968049586717,57.89016237318477],[25.0643955785117,57.89016237318477],[25.0643955785117,58.06142717112206],[24.47968049586717,58.06142717112206],[24.47968049586717,57.89016237318477]]]}"
107,"[{classification=0, sum=0.0}]",108,"{""type"":""Polygon"",""coordinates"":[[[25.0643955785117,56.00624959587458],[25.64911066115623,56.00624959587458],[25.64911066115623,56.17751439381187],[25.0643955785117,56.17751439381187],[25.0643955785117,56.00624959587458]]]}"
108,"[{classification=0, sum=0.0}, {classification=1, sum=9.0}]",109,"{""type"":""Polygon"",""coordinates"":[[[25.0643955785117,56.17751439381187],[25.64911066115623,56.17751439381187],[25.64911066115623,56.34877919174916],[25.0643955785117,56.34877919174916],[25.0643955785117,56.17751439381187]]]}"
109,"[{classification=0, sum=0.0}, {classification=1, sum=6.0}]",110,"{""type"":""Polygon"",""coordinates"":[[[25.0643955785117,56.34877919174916],[25.64911066115623,56.34877919174916],[25.64911066115623,56.52004398968645],[25.0643955785117,56.52004398968645],[25.0643955785117,56.34877919174916]]]}"
110,"[{classification=0, sum=0.0}, {classification=1, sum=16.0}]",111,"{""type"":""Polygon"",""coordinates"":[[[25.0643955785117,56.52004398968645],[25.64911066115623,56.52004398968645],[25.64911066115623,56.69130878762374],[25.0643955785117,56.69130878762374],[25.0643955785117,56.52004398968645]]]}"
111,"[{classification=0, sum=0.0}, {classification=1, sum=6.0}]",112,"{""type"":""Polygon"",""coordinates"":[[[25.0643955785117,56.69130878762374],[25.64911066115623,56.69130878762374],[25.64911066115623,56.86257358556103],[25.0643955785117,56.86257358556103],[25.0643955785117,56.69130878762374]]]}"
112,"[{classification=0, sum=0.0}, {classification=1, sum=3.0}]",113,"{""type"":""Polygon"",""coordinates"":[[[25.0643955785117,56.86257358556103],[25.64911066115623,56.86257358556103],[25.64911066115623,57.03383838349832],[25.0643955785117,57.03383838349832],[25.0643955785117,56.86257358556103]]]}"
113,"[{classification=0, sum=0.0}, {classification=1, sum=4.0}]",114,"{""type"":""Polygon"",""coordinates"":[[[25.0643955785117,57.03383838349832],[25.64911066115623,57.03383838349832],[25.64911066115623,57.20510318143561],[25.0643955785117,57.20510318143561],[25.0643955785117,57.03383838349832]]]}"
114,"[{classification=0, sum=0.0}, {classification=1, sum=14.0}]",115,"{""type"":""Polygon"",""coordinates"":[[[25.0643955785117,57.20510318143561],[25.64911066115623,57.20510318143561],[25.64911066115623,57.3763679793729],[25.0643955785117,57.3763679793729],[25.0643955785117,57.20510318143561]]]}"
115,"[{classification=0, sum=0.0}, {classification=1, sum=19.0}]",116,"{""type"":""Polygon"",""coordinates"":[[[25.0643955785117,57.3763679793729],[25.64911066115623,57.3763679793729],[25.64911066115623,57.54763277731019],[25.0643955785117,57.54763277731019],[25.0643955785117,57.3763679793729]]]}"
116,"[{classification=0, sum=0.0}, {classification=1, sum=16.0}]",117,"{""type"":""Polygon"",""coordinates"":[[[25.0643955785117,57.54763277731019],[25.64911066115623,57.54763277731019],[25.64911066115623,57.71889757524748],[25.0643955785117,57.71889757524748],[25.0643955785117,57.54763277731019]]]}"
117,"[{classification=0, sum=0.0}, {classification=1, sum=6.0}]",118,"{""type"":""Polygon"",""coordinates"":[[[25.0643955785117,57.71889757524748],[25.64911066115623,57.71889757524748],[25.64911066115623,57.89016237318477],[25.0643955785117,57.89016237318477],[25.0643955785117,57.71889757524748]]]}"
118,"[{classification=0, sum=0.0}, {classification=1, sum=1.0}]",119,"{""type"":""Polygon"",""coordinates"":[[[25.0643955785117,57.89016237318477],[25.64911066115623,57.89016237318477],[25.64911066115623,58.06142717112206],[25.0643955785117,58.06142717112206],[25.0643955785117,57.89016237318477]]]}"
119,"[{classification=0, sum=0.0}]",120,"{""type"":""Polygon"",""coordinates"":[[[25.0643955785117,58.06142717112206],[25.64911066115623,58.06142717112206],[25.64911066115623,58.23269196905935],[25.0643955785117,58.23269196905935],[25.0643955785117,58.06142717112206]]]}"
120,"[{classification=0, sum=0.0}]",121,"{""type"":""Polygon"",""coordinates"":[[[25.64911066115623,55.66372],[26.233825743800757,55.66372],[26.233825743800757,55.83498479793729],[25.64911066115623,55.83498479793729],[25.64911066115623,55.66372]]]}"
121,"[{classification=0, sum=0.0}, {classification=1, sum=2.0}]",122,"{""type"":""Polygon"",""coordinates"":[[[25.64911066115623,55.83498479793729],[26.233825743800757,55.83498479793729],[26.233825743800757,56.00624959587458],[25.64911066115623,56.00624959587458],[25.64911066115623,55.83498479793729]]]}"
122,"[{classification=0, sum=0.0}, {classification=1, sum=17.0}]",123,"{""type"":""Polygon"",""coordinates"":[[[25.64911066115623,56.00624959587458],[26.233825743800757,56.00624959587458],[26.233825743800757,56.17751439381187],[25.64911066115623,56.17751439381187],[25.64911066115623,56.00624959587458]]]}"
123,"[{classification=0, sum=0.0}, {classification=1, sum=26.0}]",124,"{""type"":""Polygon"",""coordinates"":[[[25.64911066115623,56.17751439381187],[26.233825743800757,56.17751439381187],[26.233825743800757,56.34877919174916],[25.64911066115623,56.34877919174916],[25.64911066115623,56.17751439381187]]]}"
124,"[{classification=0, sum=0.0}, {classification=1, sum=16.0}]",125,"{""type"":""Polygon"",""coordinates"":[[[25.64911066115623,56.34877919174916],[26.233825743800757,56.34877919174916],[26.233825743800757,56.52004398968645],[25.64911066115623,56.52004398968645],[25.64911066115623,56.34877919174916]]]}"
125,"[{classification=0, sum=0.0}, {classification=1, sum=19.0}]",126,"{""type"":""Polygon"",""coordinates"":[[[25.64911066115623,56.52004398968645],[26.233825743800757,56.52004398968645],[26.233825743800757,56.69130878762374],[25.64911066115623,56.69130878762374],[25.64911066115623,56.52004398968645]]]}"
126,"[{classification=0, sum=0.0}, {classification=1, sum=9.0}]",127,"{""type"":""Polygon"",""coordinates"":[[[25.64911066115623,56.69130878762374],[26.233825743800757,56.69130878762374],[26.233825743800757,56.86257358556103],[25.64911066115623,56.86257358556103],[25.64911066115623,56.69130878762374]]]}"
127,"[{classification=0, sum=0.0}, {classification=1, sum=11.0}]",128,"{""type"":""Polygon"",""coordinates"":[[[25.64911066115623,56.86257358556103],[26.233825743800757,56.86257358556103],[26.233825743800757,57.03383838349832],[25.64911066115623,57.03383838349832],[25.64911066115623,56.86257358556103]]]}"
128,"[{classification=0, sum=0.0}]",129,"{""type"":""Polygon"",""coordinates"":[[[25.64911066115623,57.03383838349832],[26.233825743800757,57.03383838349832],[26.233825743800757,57.20510318143561],[25.64911066115623,57.20510318143561],[25.64911066115623,57.03383838349832]]]}"
129,"[{classification=0, sum=0.0}, {classification=1, sum=14.0}]",130,"{""type"":""Polygon"",""coordinates"":[[[25.64911066115623,57.20510318143561],[26.233825743800757,57.20510318143561],[26.233825743800757,57.3763679793729],[25.64911066115623,57.3763679793729],[25.64911066115623,57.20510318143561]]]}"
130,"[{classification=0, sum=0.0}, {classification=1, sum=7.0}]",131,"{""type"":""Polygon"",""coordinates"":[[[25.64911066115623,57.3763679793729],[26.233825743800757,57.3763679793729],[26.233825743800757,57.54763277731019],[25.64911066115623,57.54763277731019],[25.64911066115623,57.3763679793729]]]}"
131,"[{classification=0, sum=0.0}, {classification=1, sum=1.0}]",132,"{""type"":""Polygon"",""coordinates"":[[[25.64911066115623,57.54763277731019],[26.233825743800757,57.54763277731019],[26.233825743800757,57.71889757524748],[25.64911066115623,57.71889757524748],[25.64911066115623,57.54763277731019]]]}"
132,"[{classification=0, sum=0.0}, {classification=1, sum=6.0}]",133,"{""type"":""Polygon"",""coordinates"":[[[25.64911066115623,57.71889757524748],[26.233825743800757,57.71889757524748],[26.233825743800757,57.89016237318477],[25.64911066115623,57.89016237318477],[25.64911066115623,57.71889757524748]]]}"
133,"[{classification=0, sum=0.0}, {classification=1, sum=2.0}]",134,"{""type"":""Polygon"",""coordinates"":[[[25.64911066115623,57.89016237318477],[26.233825743800757,57.89016237318477],[26.233825743800757,58.06142717112206],[25.64911066115623,58.06142717112206],[25.64911066115623,57.89016237318477]]]}"
135,"[{classification=0, sum=0.0}, {classification=1, sum=6.0}]",136,"{""type"":""Polygon"",""coordinates"":[[[26.233825743800757,55.66372],[26.818540826445286,55.66372],[26.818540826445286,55.83498479793729],[26.233825743800757,55.83498479793729],[26.233825743800757,55.66372]]]}"
136,"[{classification=0, sum=0.0}, {classification=1, sum=10.0}]",137,"{""type"":""Polygon"",""coordinates"":[[[26.233825743800757,55.83498479793729],[26.818540826445286,55.83498479793729],[26.818540826445286,56.00624959587458],[26.233825743800757,56.00624959587458],[26.233825743800757,55.83498479793729]]]}"
137,"[{classification=0, sum=0.0}, {classification=1, sum=15.0}]",138,"{""type"":""Polygon"",""coordinates"":[[[26.233825743800757,56.00624959587458],[26.818540826445286,56.00624959587458],[26.818540826445286,56.17751439381187],[26.233825743800757,56.17751439381187],[26.233825743800757,56.00624959587458]]]}"
138,"[{classification=0, sum=0.0}, {classification=1, sum=14.0}]",139,"{""type"":""Polygon"",""coordinates"":[[[26.233825743800757,56.17751439381187],[26.818540826445286,56.17751439381187],[26.818540826445286,56.34877919174916],[26.233825743800757,56.34877919174916],[26.233825743800757,56.17751439381187]]]}"
139,"[{classification=0, sum=0.0}, {classification=1, sum=19.0}]",140,"{""type"":""Polygon"",""coordinates"":[[[26.233825743800757,56.34877919174916],[26.818540826445286,56.34877919174916],[26.818540826445286,56.52004398968645],[26.233825743800757,56.52004398968645],[26.233825743800757,56.34877919174916]]]}"
140,"[{classification=0, sum=0.0}, {classification=1, sum=10.0}]",141,"{""type"":""Polygon"",""coordinates"":[[[26.233825743800757,56.52004398968645],[26.818540826445286,56.52004398968645],[26.818540826445286,56.69130878762374],[26.233825743800757,56.69130878762374],[26.233825743800757,56.52004398968645]]]}"
141,"[{classification=0, sum=0.0}, {classification=1, sum=10.0}]",142,"{""type"":""Polygon"",""coordinates"":[[[26.233825743800757,56.69130878762374],[26.818540826445286,56.69130878762374],[26.818540826445286,56.86257358556103],[26.233825743800757,56.86257358556103],[26.233825743800757,56.69130878762374]]]}"
142,"[{classification=0, sum=0.0}, {classification=1, sum=6.0}]",143,"{""type"":""Polygon"",""coordinates"":[[[26.233825743800757,56.86257358556103],[26.818540826445286,56.86257358556103],[26.818540826445286,57.03383838349832],[26.233825743800757,57.03383838349832],[26.233825743800757,56.86257358556103]]]}"
143,"[{classification=0, sum=0.0}, {classification=1, sum=22.0}]",144,"{""type"":""Polygon"",""coordinates"":[[[26.233825743800757,57.03383838349832],[26.818540826445286,57.03383838349832],[26.818540826445286,57.20510318143561],[26.233825743800757,57.20510318143561],[26.233825743800757,57.03383838349832]]]}"
144,"[{classification=0, sum=0.0}, {classification=1, sum=16.0}]",145,"{""type"":""Polygon"",""coordinates"":[[[26.233825743800757,57.20510318143561],[26.818540826445286,57.20510318143561],[26.818540826445286,57.3763679793729],[26.233825743800757,57.3763679793729],[26.233825743800757,57.20510318143561]]]}"
145,"[{classification=0, sum=0.0}, {classification=1, sum=4.0}]",146,"{""type"":""Polygon"",""coordinates"":[[[26.233825743800757,57.3763679793729],[26.818540826445286,57.3763679793729],[26.818540826445286,57.54763277731019],[26.233825743800757,57.54763277731019],[26.233825743800757,57.3763679793729]]]}"
146,"[{classification=0, sum=0.0}]",147,"{""type"":""Polygon"",""coordinates"":[[[26.233825743800757,57.54763277731019],[26.818540826445286,57.54763277731019],[26.818540826445286,57.71889757524748],[26.233825743800757,57.71889757524748],[26.233825743800757,57.54763277731019]]]}"
150,"[{classification=0, sum=0.0}, {classification=1, sum=1.0}]",151,"{""type"":""Polygon"",""coordinates"":[[[26.818540826445286,55.66372],[27.403255909089815,55.66372],[27.403255909089815,55.83498479793729],[26.818540826445286,55.83498479793729],[26.818540826445286,55.66372]]]}"
151,"[{classification=0, sum=0.0}, {classification=1, sum=15.0}]",152,"{""type"":""Polygon"",""coordinates"":[[[26.818540826445286,55.83498479793729],[27.403255909089815,55.83498479793729],[27.403255909089815,56.00624959587458],[26.818540826445286,56.00624959587458],[26.818540826445286,55.83498479793729]]]}"
152,"[{classification=0, sum=0.0}, {classification=1, sum=11.0}]",153,"{""type"":""Polygon"",""coordinates"":[[[26.818540826445286,56.00624959587458],[27.403255909089815,56.00624959587458],[27.403255909089815,56.17751439381187],[26.818540826445286,56.17751439381187],[26.818540826445286,56.00624959587458]]]}"
153,"[{classification=0, sum=0.0}, {classification=1, sum=12.0}]",154,"{""type"":""Polygon"",""coordinates"":[[[26.818540826445286,56.17751439381187],[27.403255909089815,56.17751439381187],[27.403255909089815,56.34877919174916],[26.818540826445286,56.34877919174916],[26.818540826445286,56.17751439381187]]]}"
154,"[{classification=0, sum=0.0}, {classification=1, sum=15.0}]",155,"{""type"":""Polygon"",""coordinates"":[[[26.818540826445286,56.34877919174916],[27.403255909089815,56.34877919174916],[27.403255909089815,56.52004398968645],[26.818540826445286,56.52004398968645],[26.818540826445286,56.34877919174916]]]}"
155,"[{classification=0, sum=0.0}, {classification=1, sum=10.0}]",156,"{""type"":""Polygon"",""coordinates"":[[[26.818540826445286,56.52004398968645],[27.403255909089815,56.52004398968645],[27.403255909089815,56.69130878762374],[26.818540826445286,56.69130878762374],[26.818540826445286,56.52004398968645]]]}"
156,"[{classification=0, sum=0.0}, {classification=1, sum=4.0}]",157,"{""type"":""Polygon"",""coordinates"":[[[26.818540826445286,56.69130878762374],[27.403255909089815,56.69130878762374],[27.403255909089815,56.86257358556103],[26.818540826445286,56.86257358556103],[26.818540826445286,56.69130878762374]]]}"
157,"[{classification=0, sum=0.0}, {classification=1, sum=8.0}]",158,"{""type"":""Polygon"",""coordinates"":[[[26.818540826445286,56.86257358556103],[27.403255909089815,56.86257358556103],[27.403255909089815,57.03383838349832],[26.818540826445286,57.03383838349832],[26.818540826445286,56.86257358556103]]]}"
158,"[{classification=0, sum=0.0}, {classification=1, sum=13.0}]",159,"{""type"":""Polygon"",""coordinates"":[[[26.818540826445286,57.03383838349832],[27.403255909089815,57.03383838349832],[27.403255909089815,57.20510318143561],[26.818540826445286,57.20510318143561],[26.818540826445286,57.03383838349832]]]}"
159,"[{classification=0, sum=0.0}, {classification=1, sum=13.0}]",160,"{""type"":""Polygon"",""coordinates"":[[[26.818540826445286,57.20510318143561],[27.403255909089815,57.20510318143561],[27.403255909089815,57.3763679793729],[26.818540826445286,57.3763679793729],[26.818540826445286,57.20510318143561]]]}"
160,"[{classification=0, sum=0.0}]",161,"{""type"":""Polygon"",""coordinates"":[[[26.818540826445286,57.3763679793729],[27.403255909089815,57.3763679793729],[27.403255909089815,57.54763277731019],[26.818540826445286,57.54763277731019],[26.818540826445286,57.3763679793729]]]}"
161,"[{classification=0, sum=0.0}, {classification=1, sum=2.0}]",162,"{""type"":""Polygon"",""coordinates"":[[[26.818540826445286,57.54763277731019],[27.403255909089815,57.54763277731019],[27.403255909089815,57.71889757524748],[26.818540826445286,57.71889757524748],[26.818540826445286,57.54763277731019]]]}"
165,"[{classification=0, sum=0.0}]",166,"{""type"":""Polygon"",""coordinates"":[[[27.403255909089815,55.66372],[27.987970991734343,55.66372],[27.987970991734343,55.83498479793729],[27.403255909089815,55.83498479793729],[27.403255909089815,55.66372]]]}"
166,"[{classification=0, sum=0.0}, {classification=1, sum=2.0}]",167,"{""type"":""Polygon"",""coordinates"":[[[27.403255909089815,55.83498479793729],[27.987970991734343,55.83498479793729],[27.987970991734343,56.00624959587458],[27.403255909089815,56.00624959587458],[27.403255909089815,55.83498479793729]]]}"
167,"[{classification=0, sum=0.0}, {classification=1, sum=2.0}]",168,"{""type"":""Polygon"",""coordinates"":[[[27.403255909089815,56.00624959587458],[27.987970991734343,56.00624959587458],[27.987970991734343,56.17751439381187],[27.403255909089815,56.17751439381187],[27.403255909089815,56.00624959587458]]]}"
168,"[{classification=0, sum=0.0}, {classification=1, sum=4.0}]",169,"{""type"":""Polygon"",""coordinates"":[[[27.403255909089815,56.17751439381187],[27.987970991734343,56.17751439381187],[27.987970991734343,56.34877919174916],[27.403255909089815,56.34877919174916],[27.403255909089815,56.17751439381187]]]}"
169,"[{classification=0, sum=0.0}, {classification=1, sum=18.0}]",170,"{""type"":""Polygon"",""coordinates"":[[[27.403255909089815,56.34877919174916],[27.987970991734343,56.34877919174916],[27.987970991734343,56.52004398968645],[27.403255909089815,56.52004398968645],[27.403255909089815,56.34877919174916]]]}"
170,"[{classification=0, sum=0.0}, {classification=1, sum=4.0}]",171,"{""type"":""Polygon"",""coordinates"":[[[27.403255909089815,56.52004398968645],[27.987970991734343,56.52004398968645],[27.987970991734343,56.69130878762374],[27.403255909089815,56.69130878762374],[27.403255909089815,56.52004398968645]]]}"
171,"[{classification=0, sum=0.0}, {classification=1, sum=11.0}]",172,"{""type"":""Polygon"",""coordinates"":[[[27.403255909089815,56.69130878762374],[27.987970991734343,56.69130878762374],[27.987970991734343,56.86257358556103],[27.403255909089815,56.86257358556103],[27.403255909089815,56.69130878762374]]]}"
172,"[{classification=0, sum=0.0}, {classification=1, sum=10.0}]",173,"{""type"":""Polygon"",""coordinates"":[[[27.403255909089815,56.86257358556103],[27.987970991734343,56.86257358556103],[27.987970991734343,57.03383838349832],[27.403255909089815,57.03383838349832],[27.403255909089815,56.86257358556103]]]}"
173,"[{classification=0, sum=0.0}, {classification=1, sum=7.0}]",174,"{""type"":""Polygon"",""coordinates"":[[[27.403255909089815,57.03383838349832],[27.987970991734343,57.03383838349832],[27.987970991734343,57.20510318143561],[27.403255909089815,57.20510318143561],[27.403255909089815,57.03383838349832]]]}"
174,"[{classification=0, sum=0.0}, {classification=1, sum=2.0}]",175,"{""type"":""Polygon"",""coordinates"":[[[27.403255909089815,57.20510318143561],[27.987970991734343,57.20510318143561],[27.987970991734343,57.3763679793729],[27.403255909089815,57.3763679793729],[27.403255909089815,57.20510318143561]]]}"
175,"[{classification=0, sum=0.0}, {classification=1, sum=2.0}]",176,"{""type"":""Polygon"",""coordinates"":[[[27.403255909089815,57.3763679793729],[27.987970991734343,57.3763679793729],[27.987970991734343,57.54763277731019],[27.403255909089815,57.54763277731019],[27.403255909089815,57.3763679793729]]]}"
182,"[{classification=0, sum=0.0}]",183,"{""type"":""Polygon"",""coordinates"":[[[27.987970991734343,56.00624959587458],[28.572686074378872,56.00624959587458],[28.572686074378872,56.17751439381187],[27.987970991734343,56.17751439381187],[27.987970991734343,56.00624959587458]]]}"
183,"[{classification=0, sum=0.0}]",184,"{""type"":""Polygon"",""coordinates"":[[[27.987970991734343,56.17751439381187],[28.572686074378872,56.17751439381187],[28.572686074378872,56.34877919174916],[27.987970991734343,56.34877919174916],[27.987970991734343,56.17751439381187]]]}"
184,"[{classification=0, sum=0.0}, {classification=1, sum=4.0}]",185,"{""type"":""Polygon"",""coordinates"":[[[27.987970991734343,56.34877919174916],[28.572686074378872,56.34877919174916],[28.572686074378872,56.52004398968645],[27.987970991734343,56.52004398968645],[27.987970991734343,56.34877919174916]]]}"
185,"[{classification=0, sum=0.0}]",186,"{""type"":""Polygon"",""coordinates"":[[[27.987970991734343,56.52004398968645],[28.572686074378872,56.52004398968645],[28.572686074378872,56.69130878762374],[27.987970991734343,56.69130878762374],[27.987970991734343,56.52004398968645]]]}"
