"","GPS_LAT","GPS_LONG","class"
"1",56.56437,21.4486,"3"
"2",56.79457,21.51846,"3"
"3",56.84768,21.53474,"3"
"4",56.74432,21.46997,"3"
"5",56.54379,21.47539,"3"
"6",56.70314,21.52379,"3"
"7",56.64716,21.53974,"3"
"8",56.80649,21.58855,"3"
"9",56.53804,21.5396,"3"
"10",56.49975,21.56094,"3"
"11",56.74759,21.63677,"3"
"12",56.70928,21.65811,"3"
"13",56.47915,21.58762,"3"
"14",56.51456,21.5984,"3"
"15",56.63778,21.64333,"3"
"16",56.58247,21.65216,"3"
"17",56.74175,21.7013,"3"
"18",56.77716,21.71231,"3"
"19",57.61734,22.08245,"3"
"20",56.7182,21.7603,"3"
"21",56.80667,21.78794,"3"
"22",57.51427,22.01458,"3"
"23",56.60909,21.7595,"3"
"24",56.83615,21.8637,"3"
"25",56.6209,21.8293,"3"
"26",56.74474,21.86812,"3"
"27",56.83021,21.92833,"3"
"28",56.79185,21.94944,"3"
"29",57.37233,22.17085,"3"
"30",57.44267,22.19834,"3"
"31",56.80655,21.98736,"3"
"32",56.84192,21.99863,"3"
"33",57.58135,22.27434,"3"
"34",57.5752,22.34023,"3"
"35",57.50143,22.34932,"3"
"36",57.62509,22.39114,"3"
"37",56.68542,22.11465,"3"
"38",57.569,22.40609,"3"
"39",56.66471,22.14115,"3"
"40",57.0712,22.27339,"3"
"41",57.45989,22.40307,"3"
"42",57.33005,22.42689,"3"
"43",57.365367,22.43881,"3"
"44",56.65556,22.2376,"3"
"45",57.0973,22.38262,"3"
"46",56.7232,22.29277,"3"
"47",57.32381,22.49231,"3"
"48",57.33833,22.53102,"3"
"49",57.42663,22.5611,"3"
"50",56.75238,22.36875,"3"
"51",57.22925,22.52773,"3"
"52",57.54257,22.63979,"3"
"53",57.43796,22.63272,"3"
"54",56.71396,22.38936,"3"
"55",56.69009,22.4479,"3"
"56",57.48457,22.71665,"3"
"57",56.62775,22.5268,"3"
"58",57.19265,22.71724,"3"
"59",57.22795,22.72941,"3"
"60",56.69525,22.58242,"3"
"61",57.23921,22.80072,"3"
"62",56.76273,22.63823,"3"
"63",57.04194,22.76638,"3"
"64",57.27129,22.84557,"3"
"65",56.38439,22.77625,"3"
"66",56.47262,22.80589,"3"
"67",56.5079,22.81779,"3"
"68",56.63139,22.85965,"3"
"69",56.68579,22.67888,"3"
"70",56.80935,22.72056,"3"
"71",56.84464,22.73252,"3"
"72",57.16222,22.8414,"3"
"73",57.25043,22.87206,"3"
"74",56.43552,22.62842,"3"
"75",56.62969,22.69323,"3"
"76",57.22959,22.8985,"3"
"77",56.7228,22.8576,"3"
"78",56.37943,22.6428,"3"
"79",56.45002,22.66625,"3"
"80",56.60886,22.71938,"3"
"81",56.66181,22.7372,"3"
"82",56.76768,22.77306,"3"
"83",56.82061,22.79106,"3"
"84",56.46451,22.70408,"3"
"85",56.58804,22.74553,"3"
"86",57.38181,23.01956,"3"
"87",56.47898,22.74195,"3"
"88",56.51427,22.75381,"3"
"89",56.54958,22.76567,"3"
"90",56.79659,22.84951,"3"
"91",57.27277,23.01489,"3"
"92",56.44051,22.76208,"3"
"93",56.59931,22.81561,"3"
"94",56.75808,22.86965,"3"
"95",56.811,22.88777,"3"
"96",57.28713,23.05374,"3"
"97",56.6811,22.90982,"3"
"98",56.62173,22.9559,"3"
"99",56.74516,22.99838,"3"
"100",56.81569,23.0228,"3"
"101",56.41649,22.82001,"3"
"102",56.734,22.92796,"3"
"103",56.378,22.84002,"3"
"104",56.69551,22.948,"3"
"105",56.76603,22.97229,"3"
"106",56.40686,22.91572,"3"
"107",56.44213,22.92769,"3"
"108",56.72429,23.02444,"3"
"109",56.75954,23.03666,"3"
"110",56.42127,22.95364,"3"
"111",56.50945,22.98371,"3"
"112",56.73866,23.06273,"3"
"113",56.7608,23.2037,"3"
"114",56.52059,23.05372,"3"
"115",56.60873,23.08416,"3"
"116",56.64399,23.09637,"3"
"117",56.76738,23.13933,"3"
"118",56.37629,23.03725,"3"
"119",56.41155,23.04932,"3"
"120",56.42919,23.05539,"3"
"121",56.46444,23.0675,"3"
"122",56.49969,23.07963,"3"
"123",56.78172,23.17768,"3"
"124",56.81697,23.19006,"3"
"125",56.85221,23.2025,"3"
"126",56.3554,23.06307,"3"
"127",56.4788,23.1055,"3"
"128",56.6022,23.14826,"3"
"129",56.41282,23.21485,"3"
"130",56.69472,23.31363,"3"
"131",56.72994,23.32608,"3"
"132",56.33452,23.08888,"3"
"133",56.49316,23.14354,"3"
"134",56.70464,23.21729,"3"
"135",56.81036,23.25451,"3"
"136",56.86322,23.27321,"3"
"137",56.34888,23.12676,"3"
"138",56.73657,23.26181,"3"
"139",56.39847,23.17687,"3"
"140",56.43373,23.18907,"3"
"141",56.46896,23.20131,"3"
"142",56.55708,23.23202,"3"
"143",56.62755,23.2567,"3"
"144",56.39189,23.2406,"3"
"145",56.48006,23.27395,"3"
"146",56.55046,23.29602,"3"
"147",56.60331,23.31461,"3"
"148",56.709,23.35197,"3"
"149",56.76184,23.37074,"3"
"150",56.79707,23.38331,"3"
"151",56.42051,23.31664,"3"
"152",56.45574,23.329,"3"
"153",56.68805,23.37783,"3"
"154",56.57904,23.37243,"3"
"155",56.61426,23.3849,"3"
"156",56.64949,23.39739,"3"
"157",56.4348,23.3547,"3"
"158",56.47003,23.3671,"3"
"159",56.50525,23.37951,"3"
"160",56.54048,23.39195,"3"
"161",56.59331,23.41067,"3"
"162",56.41385,23.38038,"3"
"163",56.44909,23.39279,"3"
"164",56.86489,23.60825,"3"
"165",56.73175,23.66062,"3"
"166",56.88984,23.71781,"3"
"167",56.6577,23.66649,"3"
"168",56.70708,23.71774,"3"
"169",56.92885,23.8663,"3"
"170",56.96055,23.91168,"3"
"171",56.82705,23.96241,"3"
"172",56.49708,23.80785,"3"
"173",56.52851,23.82085,"3"
"174",56.56605,23.83787,"3"
"175",56.35228,23.78793,"3"
"176",56.51051,23.84968,"3"
"177",56.89386,24.02095,"3"
"178",56.38398,23.83626,"3"
"179",56.41859,23.84509,"3"
"180",56.48989,23.87066,"3"
"181",56.53918,23.87684,"3"
"182",56.57857,23.90492,"3"
"183",56.46846,23.90423,"3"
"184",56.78491,24.01358,"3"
"185",56.77837,24.07777,"3"
"186",56.517775,23.9477,"3"
"187",56.55413,23.9608,"3"
"188",56.5877,23.97638,"3"
"189",56.44394,23.9537,"3"
"190",56.4791,23.96663,"3"
"191",56.53183,23.9861,"3"
"192",56.56699,23.99911,"3"
"193",56.30695,24.0356,"3"
"194",56.3421,24.04855,"3"
"195",56.37724,24.06153,"3"
"196",56.42288,23.97908,"3"
"197",56.51023,24.01026,"3"
"198",56.54593,24.02459,"3"
"199",56.58107,24.03761,"3"
"200",56.89737,24.15643,"3"
"201",56.3636,23.99189,"3"
"202",56.45455,24.02387,"3"
"203",56.52485,24.04995,"3"
"204",56.57405,24.1015,"3"
"205",56.28812,24.06039,"3"
"206",56.32102,24.07383,"3"
"207",56.76025,24.23835,"3"
"208",56.79538,24.25169,"3"
"209",57.07634,24.35962,"3"
"210",56.28938,24.1942,"3"
"211",56.76354,24.37337,"3"
"212",56.85168,24.40729,"3"
"213",56.29994,24.09904,"3"
"214",56.38762,24.13147,"3"
"215",56.54619,24.19408,"3"
"216",56.77425,24.27709,"3"
"217",56.32803,24.17554,"3"
"218",56.36319,24.18865,"3"
"219",56.52412,24.25148,"3"
"220",56.80223,24.35474,"3"
"221",56.37721,24.22697,"3"
"222",56.72841,24.35993,"3"
"223",56.32096,24.23902,"3"
"224",56.35609,24.25216,"3"
"225",56.39121,24.26533,"3"
"226",56.47903,24.29841,"3"
"227",56.70727,24.38524,"3"
"228",56.79506,24.41895,"3"
"229",56.45433,24.35544,"3"
"230",56.4132,24.40594,"3"
"231",56.42601,24.4442,"3"
"232",56.51378,24.47775,"3"
"233",56.58397,24.5047,"3"
"234",56.63661,24.52498,"3"
"235",56.91366,24.66651,"3"
"236",56.40486,24.46931,"3"
"237",56.36615,24.48769,"3"
"238",56.52408,24.54822,"3"
"239",56.76969,24.64352,"3"
"240",56.80476,24.65728,"3"
"241",56.53801,24.58686,"3"
"242",56.85374,24.71007,"3"
"243",56.55847,24.72802,"3"
"244",56.32383,24.53775,"3"
"245",56.35892,24.55116,"3"
"246",56.51845,24.61405,"3"
"247",56.60453,24.64596,"3"
"248",56.63962,24.65961,"3"
"249",56.76237,24.70766,"3"
"250",56.6184,24.68472,"3"
"251",56.80484,24.75421,"3"
"252",56.35166,24.61463,"3"
"253",56.50953,24.67565,"3"
"254",56.89529,24.82732,"3"
"255",56.37944,24.69163,"3"
"256",56.48098,24.76431,"3"
"257",56.7965,24.88877,"3"
"258",56.62765,24.92204,"3"
"259",56.79912,25.02401,"3"
"260",56.67276,25.00684,"3"
"261",56.65396,25.16652,"3"
"262",57.12653,25.36038,"3"
"263",56.75283,25.10599,"3"
"264",57.31299,25.3363,"3"
"265",56.34621,24.97707,"3"
"266",56.8191,25.1664,"3"
"267",56.85418,25.18066,"3"
"268",57.16919,25.31028,"3"
"269",57.44914,25.42777,"3"
"270",56.35999,25.01568,"3"
"271",56.76281,25.1771,"3"
"272",56.83302,25.2059,"3"
"273",56.88531,25.22715,"3"
"274",56.99037,25.27015,"3"
"275",57.20034,25.35722,"3"
"276",57.3928,25.43807,"3"
"277",56.89524,25.29846,"3"
"278",56.63879,25.29417,"3"
"279",56.24366,25.06906,"3"
"280",57.13633,25.4323,"3"
"281",56.29245,25.12149,"3"
"282",56.88762,25.36267,"3"
"283",56.51248,25.27626,"3"
"284",56.82745,25.40509,"3"
"285",56.91489,25.44148,"3"
"286",56.24612,25.2024,"3"
"287",56.33364,25.23742,"3"
"288",57.08591,25.54661,"3"
"289",56.81972,25.4692,"3"
"290",56.73821,25.53611,"3"
"291",57.01791,25.65345,"3"
"292",56.79838,25.49392,"3"
"293",56.23095,25.32872,"3"
"294",56.66824,25.50711,"3"
"295",56.70321,25.52163,"3"
"296",56.47202,25.45981,"3"
"297",56.90915,25.64129,"3"
"298",57.06641,25.70789,"3"
"299",56.18829,25.37771,"3"
"300",56.50315,25.50586,"3"
"301",56.85278,25.65126,"3"
"302",57.01008,25.71773,"3"
"303",56.28941,25.45178,"3"
"304",57.07604,25.77979,"3"
"305",56.32055,25.49763,"3"
"306",56.40797,25.53343,"3"
"307",56.56533,25.59839,"3"
"308",56.72265,25.66393,"3"
"309",56.79255,25.69328,"3"
"310",56.49153,25.60118,"3"
"311",56.68377,25.68122,"3"
"312",56.37498,25.6529,"3"
"313",56.15545,25.49668,"3"
"314",56.59249,25.67652,"3"
"315",56.78472,25.7572,"3"
"316",57.00782,25.88546,"3"
"317",57.16496,25.95386,"3"
"318",56.74194,25.80637,"3"
"319",56.51088,25.74273,"3"
"320",56.17678,25.77003,"3"
"321",56.27766,25.84514,"3"
"322",56.17495,25.6369,"3"
"323",56.75151,25.87764,"3"
"324",56.87373,25.92987,"3"
"325",56.22345,25.68999,"3"
"326",56.38073,25.75514,"3"
"327",56.46811,25.79159,"3"
"328",56.62531,25.85776,"3"
"329",56.16715,25.69988,"3"
"330",56.2021,25.71428,"3"
"331",56.41176,25.80135,"3"
"332",56.56895,25.86739,"3"
"333",56.83086,25.97891,"3"
"334",56.28553,25.782,"3"
"335",56.44276,25.84767,"3"
"336",56.53007,25.88443,"3"
"337",56.45627,25.88669,"3"
"338",56.92759,26.08819,"3"
"339",56.96252,26.1034,"3"
"340",56.71418,26.02982,"3"
"341",56.30864,25.89127,"3"
"342",56.88467,26.13713,"3"
"343",56.9719,26.17517,"3"
"344",56.44036,26.01312,"3"
"345",56.66727,26.11044,"3"
"346",56.4015,26.03034,"3"
"347",56.6807,26.1498,"3"
"348",56.71559,26.16491,"3"
"349",57.00394,26.35866,"3"
"350",56.39892,26.19591,"3"
"351",56.6913,26.3561,"3"
"352",56.54248,26.22427,"3"
"353",56.30766,26.19016,"3"
"354",56.54776,26.32702,"3"
"355",56.70465,26.39559,"3"
"356",56.3008,26.3869,"3"
"357",56.37052,26.41712,"3"
"358",56.45765,26.45511,"3"
"359",56.68415,26.55477,"3"
"360",56.31704,26.26075,"3"
"361",56.33043,26.2998,"3"
"362",56.57448,26.40572,"3"
"363",56.43096,26.37662,"3"
"364",56.55297,26.42983,"3"
"365",56.33974,26.37045,"3"
"366",56.40947,26.40071,"3"
"367",56.44432,26.41585,"3"
"368",56.21066,26.51412,"3"
"369",56.36743,26.58261,"3"
"370",56.40226,26.5979,"3"
"371",55.91315,26.25421,"3"
"372",56.41871,26.4715,"3"
"373",56.66261,26.57885,"3"
"374",56.69745,26.59434,"3"
"375",56.73227,26.60983,"3"
"376",57.51477,26.96785,"3"
"377",57.52501,27.04126,"3"
"378",56.67589,26.61841,"3"
"379",56.39307,26.52709,"3"
"380",56.00562,26.39249,"3"
"381",55.85801,26.3954,"3"
"382",56.10202,26.50018,"3"
"383",56.20243,26.57702,"3"
"384",57.45472,27.14617,"3"
"385",57.18935,27.05717,"3"
"386",55.72898,26.53744,"3"
"387",55.76381,26.55242,"3"
"388",57.17306,27.18469,"3"
"389",56.4913,27.03934,"3"
"390",56.52604,27.05515,"3"
"391",56.05151,26.74325,"3"
"392",55.82111,26.675751,"3"
"393",55.97927,26.74937,"3"
"394",56.02998,26.7669,"3"
"395",56.13444,26.81286,"3"
"396",56.46498,26.96038,"3"
"397",56.53455,26.99185,"3"
"398",56.00844,26.7905,"3"
"399",56.07784,26.82105,"3"
"400",56.47814,26.9999,"3"
"401",56.5129,27.01565,"3"
"402",57.13852,27.30509,"3"
"403",56.0242,26.83468,"3"
"404",56.10862,26.8678,"3"
"405",56.21304,26.91426,"3"
"406",56.45198,27.0561,"3"
"407",55.80449,26.80025,"3"
"408",55.72238,26.86311,"3"
"409",55.8225,26.93987,"3"
"410",56.01405,27.02423,"3"
"411",55.99222,27.04812,"3"
"412",55.93217,27.35219,"3"
"413",55.96719,27.36843,"3"
"414",55.94078,27.28987,"3"
"415",55.95383,27.32888,"3"
"416",55.94954,27.6251,"3"
"417",55.98422,27.64114,"3"
"418",55.93655,27.58604,"3"
"419",55.9713,27.59658,"3"
"420",55.90617,27.40656,"3"
"421",55.91921,27.44556,"3"
"422",55.87585,27.49195,"3"
"423",55.9279,27.51579,"3"
"424",57.57299,25.9269,"3"
"425",56.82914,26.85596,"3"
"426",57.17699,27.01576,"3"
"427",57.0255,27.18385,"3"
"428",56.6525,27.34892,"3"
"429",56.75236,27.42933,"3"
"430",56.78705,27.44562,"3"
"431",56.94323,27.5194,"3"
"432",56.97797,27.53593,"3"
"433",56.69592,27.4367,"3"
"434",56.95625,27.55957,"3"
"435",57.07765,27.61765,"3"
"436",57.16439,27.65939,"3"
"437",57.03857,27.63308,"3"
"438",57.12529,27.67478,"3"
"439",56.93011,27.61522,"3"
"440",56.98215,27.6401,"3"
"441",57.01647,27.6608,"3"
"442",56.71759,27.54821,"3"
"443",56.99509,27.68035,"3"
"444",56.74792,27.59638,"3"
"445",55.88314,26.90065,"3"
"446",57.35996,27.58226,"3"
"447",55.93089,26.95237,"3"
"448",55.85731,26.95525,"3"
"449",56.13557,27.07913,"3"
"450",55.87052,26.99408,"3"
"451",56.81932,24.52887,"3"
"452",56.30266,24.56275,"3"
"453",56.75151,24.80494,"3"
"454",58.01244,25.32321,"3"
"455",57.95611,25.33375,"3"
"456",57.63344,25.26564,"3"
"457",57.59462,25.28362,"3"
"458",57.75211,25.35033,"3"
"459",57.8396,25.38767,"3"
"460",57.87459,25.40266,"3"
"461",56.43488,24.84598,"3"
"462",57.53829,25.29418,"3"
"463",57.6433,25.33852,"3"
"464",57.85278,25.42815,"3"
"465",57.92318,25.45752,"3"
"466",57.55198,25.33423,"3"
"467",57.74442,25.41599,"3"
"468",57.86687,25.46855,"3"
"469",57.56564,25.3743,"3"
"470",57.61811,25.39656,"3"
"471",57.68836,25.4268,"3"
"472",57.72307,25.44132,"3"
"473",57.88047,25.50903,"3"
"474",57.64925,25.44419,"3"
"475",56.84039,25.14146,"3"
"476",57.66287,25.4844,"3"
"477",57.62015,25.53486,"3"
"478",57.70756,25.5725,"3"
"479",57.75611,25.62801,"3"
"480",56.58015,25.17016,"3"
"481",56.61517,25.18429,"3"
"482",57.68229,25.63046,"3"
"483",57.71724,25.64562,"3"
"484",57.8064,25.68401,"3"
"485",57.8763,25.71299,"3"
"486",57.88806,25.75478,"3"
"487",56.28491,25.18476,"3"
"488",57.77141,25.80733,"3"
"489",57.6063,25.80395,"3"
"490",57.72746,26.16786,"3"
"491",57.5275,26.14737,"3"
"492",57.29665,26.07951,"3"
"493",57.57578,26.20332,"3"
"494",57.64554,26.23462,"3"
"495",57.3235,26.15966,"3"
"496",57.41072,26.19834,"3"
"497",57.48048,26.22945,"3"
"498",57.45899,26.25416,"3"
"499",57.31542,26.22444,"3"
"500",57.47237,26.29447,"3"
"501",57.5421,26.32583,"3"
"502",57.49907,26.37521,"3"
"503",57.3768,26.49166,"3"
"504",57.43544,26.58678,"3"
"505",57.37075,26.66015,"3"
"506",57.37983,26.7329,"3"
"507",57.33665,26.78164,"3"
"508",57.56756,26.99226,"3"
"509",56.79015,22.91396,"3"
"510",56.83981,22.96442,"3"
"511",56.80608,25.429921,"3"
"512",56.80264,23.15169,"3"
"513",56.77513,23.24206,"3"
"514",56.44475,23.25902,"3"
"515",56.53813,25.52024,"3"
"516",56.35938,25.48027,"3"
"517",56.33416,25.5364,"3"
"518",56.22256,25.55661,"3"
"519",56.79036,25.86056,"3"
"520",57.09297,26.67032,"3"
"521",57.08465,26.73459,"3"
"522",56.88898,26.68004,"3"
"523",57.1675,26.80653,"3"
"524",56.8326,26.68847,"3"
"525",56.58472,26.61155,"3"
"526",56.65434,26.64246,"3"
"527",56.7414,26.68132,"3"
"528",56.81103,26.71256,"3"
"529",56.86324,26.73611,"3"
"530",57.17649,26.8788,"3"
"531",56.78946,26.73665,"3"
"532",56.59381,26.68273,"3"
"533",56.6816,26.72074,"3"
"534",57.15067,26.93526,"3"
"535",57.18545,26.95129,"3"
"536",56.60706,26.72225,"3"
"537",56.64189,26.73779,"3"
"538",56.79853,26.80829,"3"
"539",56.65661,27.18222,"3"
"540",57.13409,27.61061,"3"
"541",56.64385,27.41231,"3"
"542",56.90874,21.2539,"3"
"543",56.60357,26.88874,"3"
"544",56.95139,27.04747,"3"
"545",57.07305,27.10388,"3"
"546",56.61674,26.9283,"3"
"547",56.66894,26.95199,"3"
"548",56.92974,27.07142,"3"
"549",56.9819,27.09553,"3"
"550",57.01666,27.11168,"3"
"551",57.1383,27.16844,"3"
"552",56.59514,26.95213,"3"
"553",56.9081,27.09537,"3"
"554",56.56932,27.00768,"3"
"555",56.91698,27.16729,"3"
"556",56.93433,27.17539,"3"
"557",56.86058,27.17506,"3"
"558",56.94743,27.21543,"3"
"559",56.6508,27.11923,"3"
"560",56.60871,27.12654,"3"
"561",56.85197,27.23882,"3"
"562",57.12553,27.40141,"3"
"563",56.75654,27.26221,"3"
"564",56.63065,27.23765,"3"
"565",56.66541,27.25373,"3"
"566",56.73488,27.28589,"3"
"567",56.86948,27.38269,"3"
"568",56.63946,27.30911,"3"
"569",57.07343,27.51325,"3"
"570",56.72195,27.3813,"3"
"571",57.08652,21.50816,"3"
"572",56.97769,21.70826,"3"
"573",56.99218,22.71587,"3"
"574",57.30979,22.82521,"3"
"575",57.26648,21.5304,"3"
"576",57.3019,21.54144,"3"
"577",57.33731,21.55251,"3"
"578",57.12194,21.51911,"3"
"579",57.15736,21.53009,"3"
"580",57.13676,21.55722,"3"
"581",57.18988,21.57373,"3"
"582",57.26151,21.59631,"3"
"583",57.34921,21.62363,"3"
"584",56.9922,21.5459,"3"
"585",57.22237,21.61746,"3"
"586",57.3109,21.64525,"3"
"587",57.3817,21.66759,"3"
"588",56.95306,21.56691,"3"
"589",57.52894,22.05327,"3"
"590",57.23718,21.65569,"3"
"591",57.27258,21.66684,"3"
"592",57.36108,21.69481,"3"
"593",57.02184,21.62185,"3"
"594",56.87732,21.61035,"3"
"595",56.93043,21.62682,"3"
"596",56.96583,21.63782,"3"
"597",57.03662,21.65987,"3"
"598",57.1753,21.73692,"3"
"599",57.49377,21.8356,"3"
"600",57.02785,21.7574,"3"
"601",57.11633,21.78532,"3"
"602",57.41412,21.91429,"3"
"603",57.16271,21.86896,"3"
"604",57.12514,21.88868,"3"
"605",56.85681,21.83694,"3"
"606",57.34908,22.02824,"3"
"607",57.50824,22.0804,"3"
"608",56.90323,21.92053,"3"
"609",56.89497,22.01559,"3"
"610",56.96643,22.03847,"3"
"611",57.28394,22.14177,"3"
"612",56.90965,22.05365,"3"
"613",57.00968,22.15279,"3"
"614",56.91375,22.13616,"3"
"615",57.40068,22.45076,"3"
"616",56.86763,22.30673,"3"
"617",56.88951,22.35286,"3"
"618",57.2355,22.46248,"3"
"619",57.35912,22.50427,"3"
"620",57.39444,22.5163,"3"
"621",57.37365,22.54303,"3"
"622",56.91136,22.42123,"3"
"623",56.982,22.44472,"3"
"624",57.07032,22.4742,"3"
"625",57.29988,22.55169,"3"
"626",56.87313,22.44339,"3"
"627",57.00288,22.48336,"3"
"628",57.03191,22.49483,"3"
"629",57.27909,22.57834,"3"
"630",57.25827,22.60499,"3"
"631",57.29358,22.61704,"3"
"632",57.01008,22.54436,"3"
"633",57.32573,22.66182,"3"
"634",57.36103,22.67396,"3"
"635",56.86042,22.57109,"3"
"636",56.984,22.61262,"3"
"637",57.05463,22.63659,"3"
"638",57.30173,22.7211,"3"
"639",57.33703,22.73328,"3"
"640",57.37233,22.7455,"3"
"641",56.87494,22.6093,"3"
"642",57.26325,22.74158,"3"
"643",57.31616,22.76006,"3"
"644",57.35149,22.77208,"3"
"645",57.1367,22.73213,"3"
"646",57.11251,22.79063,"3"
"647",56.93286,22.76256,"3"
"648",57.07065,22.84319,"3"
"649",56.8912,22.81517,"3"
"650",56.92647,22.82726,"3"
"651",56.90563,22.85352,"3"
"652",56.95449,22.90622,"3"
"653",56.9906,22.91629,"3"
"654",57.14933,22.97153,"3"
"655",56.91058,22.92841,"3"
"656",56.9697,22.94221,"3"
"657",57.07555,22.97937,"3"
"658",57.088788,22.98621,"3"
"659",57.01941,22.99334,"3"
"660",56.89272,22.98276,"3"
"661",57.05143,23.0381,"3"
"662",57.08341,23.08288,"3"
"663",56.88298,23.07963,"3"
"664",56.91821,23.09194,"3"
"665",56.89732,23.11807,"3"
"666",56.87642,23.14417,"3"
"667",56.92599,23.19522,"3"
"668",56.96124,23.20754,"3"
"669",56.99649,23.22003,"3"
"670",56.9194,23.25969,"3"
"671",56.38771,23.96613,"3"
"672",56.61272,24.08265,"3"
"673",56.48621,24.06879,"3"
"674",56.46511,24.09411,"3"
"675",56.50026,24.1072,"3"
"676",56.44374,24.11834,"3"
"677",56.47916,24.13252,"3"
"678",56.5108,24.17754,"3"
"679",56.43698,24.18308,"3"
"680",56.67933,24.30777,"3"
"681",56.25576,24.19231,"3"
"682",56.41233,24.24014,"3"
"683",56.5704,24.29974,"3"
"684",57.33846,25.58566,"3"
"685",57.4267,25.62064,"3"
"686",55.75345,26.35099,"3"
"687",56.33496,24.27732,"3"
"688",56.37011,24.29053,"3"
"689",56.49329,24.33056,"3"
"690",55.83349,26.58238,"3"
"691",56.02728,27.0635,"3"
"692",57.44559,26.21388,"3"
"693",57.2016,26.68556,"3"
"694",56.08867,26.46129,"3"
"695",56.24549,26.52926,"3"
"696",56.38409,24.32891,"3"
"697",56.31029,24.33418,"3"
"698",56.28916,24.35925,"3"
"699",56.60513,24.47949,"3"
"700",56.32069,24.40423,"3"
"701",56.3099,24.49937,"3"
"702",57.4846,25.26272,"3"
"703",57.51522,25.49002,"3"
"704",57.41615,25.55049,"3"
"705",57.325,25.54354,"3"
"706",57.35982,25.56063,"3"
"707",57.48219,25.61294,"3"
"708",57.55211,25.64301,"3"
"709",57.11114,25.48952,"3"
"710",57.38699,25.64056,"3"
"711",57.03345,25.52464,"3"
"712",57.22187,25.63821,"3"
"713",57.22368,25.77508,"3"
"714",57.53807,25.91157,"3"
"715",57.54688,25.98442,"3"
"716",55.80166,26.40429,"3"
"717",55.74533,26.41325,"3"
"718",55.69821,26.49156,"3"
"719",55.82016,26.54373,"3"
"720",55.68997,26.55365,"3"
"721",55.81193,26.60601,"3"
"722",55.73815,26.60718,"3"
"723",55.86005,26.65973,"3"
"724",55.9297,26.68999,"3"
"725",55.94007,27.02491,"3"
"726",55.966671,27.23535,"3"
"727",55.87332,26.69844,"3"
"728",57.50743,27.44687,"3"
"729",55.7299,26.66922,"3"
"730",55.854876,26.724841,"3"
"731",55.8866,26.73706,"3"
"732",55.92424,26.74623,"3"
"733",55.88242,26.76828,"3"
"734",57.46398,27.49493,"3"
"735",55.82611,26.77668,"3"
"736",55.98269,26.84535,"3"
"737",55.87408,26.83069,"3"
"738",55.93953,26.89245,"3"
"739",55.97434,26.90784,"3"
"740",57.25547,27.66921,"3"
"741",57.19468,27.70832,"3"
"742",55.95777,27.16446,"3"
"743",56.11425,27.23571,"3"
"744",56.30496,27.32365,"3"
"745",56.3575,27.34509,"3"
"746",56.58308,27.45135,"3"
"747",56.61766,27.46723,"3"
"748",57.21038,27.74708,"3"
"749",57.24458,27.76804,"3"
"750",55.97098,27.20418,"3"
"751",56.05786,27.24336,"3"
"752",56.39301,26.65781,"3"
"753",56.4288,26.67652,"3"
"754",56.55068,26.73064,"3"
"755",57.29867,27.07246,"3"
"756",57.33343,27.08873,"3"
"757",56.14606,26.58563,"3"
"758",56.37243,26.68496,"3"
"759",56.56392,26.77009,"3"
"760",57.20325,27.09629,"3"
"761",57.35966,27.16974,"3"
"762",56.33986,27.20491,"3"
"763",56.40936,27.23668,"3"
"764",56.73516,21.36778,"3"
"765",56.77927,22.27782,"3"
"766",56.92488,26.2561,"3"
"767",56.95976,26.2714,"3"
"768",56.41469,23.54596,"3"
"769",56.4499,23.5585,"3"
"770",56.52023,23.58641,"3"
"771",56.44704,23.75634,"3"
"772",56.51693,23.78719,"3"
"773",57.3118,27.1129,"3"
"774",57.34652,27.12919,"3"
"775",56.17675,26.63222,"3"
"776",56.33347,26.7011,"3"
"777",56.42053,26.73969,"3"
"778",56.49016,26.77068,"3"
"779",56.57684,26.81629,"3"
"780",57.43396,27.19678,"3"
"781",56.3119,26.72491,"3"
"782",56.34673,26.74042,"3"
"783",57.4075,27.22675,"3"
"784",56.13367,26.67975,"3"
"785",56.16859,26.69496,"3"
"786",56.41214,26.8028,"3"
"787",56.44697,26.81838,"3"
"788",56.48178,26.83395,"3"
"789",56.04246,26.67303,"3"
"790",56.07728,26.68826,"3"
"791",56.19915,26.74172,"3"
"792",56.23396,26.7571,"3"
"793",56.35509,26.8094,"3"
"794",56.39061,26.82665,"3"
"795",57.29662,27.23769,"3"
"796",56.5267,27.45876,"3"
"797",56.00147,27.25104,"3"
"798",56.07095,27.28252,"3"
"799",56.31427,27.3937,"3"
"800",56.53989,27.49923,"3"
"801",56.85199,27.645881,"3"
"802",56.04928,27.30587,"3"
"803",56.2403,27.39315,"3"
"804",56.36182,27.44921,"3"
"805",56.518,27.52186,"3"
"806",56.13184,27.3767,"3"
"807",56.28804,27.44855,"3"
"808",56.44536,27.5219,"3"
"809",56.63511,27.61066,"3"
"810",56.14484,27.41598,"3"
"811",56.17957,27.43193,"3"
"812",56.57866,27.61774,"3"
"813",56.64804,27.65051,"3"
"814",56.80242,27.72591,"3"
"815",56.00137,27.37792,"3"
"816",56.12314,27.43932,"3"
"817",56.43159,27.56533,"3"
"818",56.47021,27.60035,"3"
"819",56.74766,27.73172,"3"
"820",56.78236,27.7483,"3"
"821",56.03202,27.43083,"3"
"822",56.18826,27.50251,"3"
"823",56.65617,27.72923,"3"
"824",56.72596,27.75517,"3"
"825",55.83672,27.37506,"3"
"826",55.99308,27.44732,"3"
"827",56.06546,27.47451,"3"
"828",56.46146,27.66346,"3"
"829",56.53082,27.69621,"3"
"830",56.68697,27.7707,"3"
"831",56.77352,27.81186,"3"
"832",55.95408,27.46256,"3"
"833",56.19689,27.57367,"3"
"834",56.26628,27.60555,"3"
"835",56.31369,27.6319,"3"
"836",56.50907,27.71957,"3"
"837",56.73444,27.82855,"3"
"838",56.52201,27.75934,"3"
"839",56.67799,27.83374,"3"
"840",55.8064,27.46035,"3"
"841",55.84112,27.47625,"3"
"842",56.12149,27.60789,"3"
"843",56.18816,27.63595,"3"
"844",56.27176,27.70345,"3"
"845",56.39624,27.73346,"3"
"846",56.50026,27.78268,"3"
"847",56.55285,27.80747,"3"
"848",56.58477,27.82512,"3"
"849",55.8888,27.53102,"3"
"850",56.0103,27.58681,"3"
"851",55.90186,27.57006,"3"
"852",56.21111,27.71987,"3"
"853",56.28341,27.74735,"3"
"854",56.40476,27.8046,"3"
"855",56.52606,27.8623,"3"
"856",56.56071,27.87886,"3"
"857",56.26361,27.77109,"3"
"858",56.12336,27.74044,"3"
"859",56.23991,27.79375,"3"
"860",56.27459,27.8101,"3"
"861",56.06216,27.74381,"3"
"862",56.46075,27.93206,"3"
"863",56.56467,27.98197,"3"
"864",56.10978,27.7993,"3"
"865",56.19197,27.87136,"3"
"866",56.32612,27.96849,"3"
"867",56.44744,28.02658,"3"
"868",56.20883,28.01298,"3"
"869",56.36464,28.08768,"3"
"870",56.29091,28.0857,"3"
"871",56.35534,28.15221,"3"
"872",56.21248,28.11729,"3"
"873",57.29175,25.36141,"3"
"874",57.11289,25.32085,"3"
"875",57.23538,25.37184,"3"
"876",57.21016,25.4293,"3"
"877",57.3326,25.48086,"3"
"878",57.40255,25.51049,"3"
"879",57.25878,25.48371,"3"
"880",56.95369,25.42377,"3"
"881",57.1908,25.59097,"3"
"882",57.44908,25.73566,"3"
"883",57.39474,25.74616,"3"
"884",57.42765,25.76067,"3"
"885",57.40853,25.77733,"3"
"886",57.33244,25.78786,"3"
"887",57.36744,25.80128,"3"
"888",57.45493,25.84108,"3"
"889",57.18791,26.06585,"3"
"890",57.21718,26.41965,"3"
"891",56.12828,25.71696,"3"
"892",56.94409,25.65602,"3"
"893",57.13238,25.76991,"3"
"894",57.16423,25.78752,"3"
"895",57.44677,25.9059,"3"
"896",56.86632,25.69069,"3"
"897",56.9188,25.71284,"3"
"898",57.02362,25.75739,"3"
"899",57.39043,25.91548,"3"
"900",57.11482,25.88175,"3"
"901",57.15549,25.8818,"3"
"902",57.27771,25.93474,"3"
"903",56.94193,25.82415,"3"
"904",57.06419,25.8764,"3"
"905",57.25629,25.95947,"3"
"906",57.13958,26.01083,"3"
"907",57.41882,26.13343,"3"
"908",56.9261,25.95237,"3"
"909",57.13156,26.07537,"3"
"910",57.25372,26.12887,"3"
"911",57.06316,26.18121,"3"
"912",57.19867,26.27493,"3"
"913",57.10335,26.30085,"3"
"914",57.2387,26.39515,"3"
"915",57.16081,26.42846,"3"
"916",57.14985,26.52327,"3"
"917",57.16177,26.5652,"3"
"918",56.15145,25.8258,"3"
"919",56.11259,25.84271,"3"
"920",56.18856,25.90815,"3"
"921",56.3182,25.9618,"3"
"922",56.08722,25.89826,"3"
"923",56.17456,25.93466,"3"
"924",56.29677,25.98606,"3"
"925",56.18803,25.97353,"3"
"926",56.2751,26.01027,"3"
"927",56.31035,26.02804,"3"
"928",56.06187,25.95382,"3"
"929",56.13171,25.98296,"3"
"930",56.21898,26.01964,"3"
"931",56.32373,26.06394,"3"
"932",56.0928,25.99978,"3"
"933",56.2499,26.06588,"3"
"934",56.33715,26.10291,"3"
"935",56.07898,26.00968,"3"
"936",56.10628,26.03851,"3"
"937",56.04993,26.04793,"3"
"938",56.08484,26.06258,"3"
"939",56.29119,21.03963,"3"
"940",56.37983,21.06519,"3"
"941",56.09906,25.80406,"3"
"942",56.04565,26.50889,"3"
"943",56.46019,26.85778,"3"
"944",56.38274,27.02374,"3"
"945",56.18723,26.96925,"3"
"946",55.96151,26.04412,"3"
"947",55.99361,26.05659,"3"
"948",56.0285,26.0719,"3"
"949",56.11586,26.11036,"3"
"950",56.27279,26.17526,"3"
"951",56.04194,26.11061,"3"
"952",56.19897,26.17706,"3"
"953",56.23411,26.19017,"3"
"954",55.93738,26.08364,"3"
"955",57.1883,26.64546,"3"
"956",55.89435,26.11457,"3"
"957",56.20835,26.24743,"3"
"958",57.14936,26.66182,"3"
"959",56.08223,26.22674,"3"
"960",57.21482,26.72577,"3"
"961",56.0259,26.23602,"3"
"962",56.18283,26.30287,"3"
"963",57.12406,26.71908,"3"
"964",57.19228,26.74863,"3"
"965",57.22874,26.757,"3"
"966",55.98771,26.25448,"3"
"967",56.14385,26.31933,"3"
"968",56.10498,26.33584,"3"
"969",56.15783,26.3595,"3"
"970",56.227,26.38888,"3"
"971",57.35887,26.89476,"3"
"972",56.2055,26.41226,"3"
"973",56.02713,26.36867,"3"
"974",56.18149,26.42887,"3"
"975",57.24604,26.911,"3"
"976",57.33304,26.95134,"3"
"977",56.31908,26.52792,"3"
"978",55.96669,26.40888,"3"
"979",56.05384,26.44617,"3"
"980",56.52513,26.65463,"3"
"981",56.559,26.66722,"3"
"982",57.34195,27.0241,"3"
"983",57.3767,27.04035,"3"
"984",55.91032,26.41775,"3"
"985",56.13686,26.51525,"3"
"986",56.25881,26.56835,"3"
"987",56.32847,26.59888,"3"
"988",56.38071,26.62183,"3"
"989",56.45497,26.65453,"3"
"990",56.4852,26.66798,"3"
"991",56.53743,26.69116,"3"
"992",57.23339,27.00772,"3"
"993",56.3168,26.82717,"3"
"994",56.43783,26.88131,"3"
"995",57.22085,27.24135,"3"
"996",56.17342,26.7968,"3"
"997",56.33287,26.85289,"3"
"998",56.36481,26.88204,"3"
"999",56.52137,26.95236,"3"
"1000",56.71267,27.0393,"3"
"1001",56.80167,27.09789,"3"
"1002",56.09959,26.79749,"3"
"1003",56.22147,26.85136,"3"
"1004",56.37803,26.92116,"3"
"1005",56.41278,26.93693,"3"
"1006",56.4476,26.95261,"3"
"1007",56.7258,27.07906,"3"
"1008",56.81887,27.11894,"3"
"1009",56.36959,26.98436,"3"
"1010",56.42173,27.00784,"3"
"1011",56.73464,27.15071,"3"
"1012",56.16145,27.02414,"3"
"1013",56.50887,27.18232,"3"
"1014",56.59163,27.2533,"3"
"1015",56.7132,27.30963,"3"
"1016",56.32674,27.16553,"3"
"1017",56.51787,27.25292,"3"
"1018",56.1834,27.13437,"3"
"1019",56.25444,27.16657,"3"
"1020",56.53098,27.29256,"3"
"1021",56.31818,27.22845,"3"
"1022",56.22705,27.22031,"3"
"1023",56.33125,27.26981,"3"
"1024",56.30616,21.07667,"3"
"1025",56.34161,21.0869,"3"
"1026",56.35934,21.09204,"3"
"1027",57.76361,24.76956,"3"
"1028",57.86878,24.81275,"3"
"1029",57.42672,24.66731,"3"
"1030",57.61964,24.74522,"3"
"1031",57.65471,24.75949,"3"
"1032",57.77743,24.80967,"3"
"1033",57.90013,24.86026,"3"
"1034",56.84411,24.47141,"3"
"1035",56.89676,24.49188,"3"
"1036",57.68603,24.80983,"3"
"1037",57.79134,24.8506,"3"
"1038",57.22281,24.68777,"3"
"1039",57.38063,24.75102,"3"
"1040",57.69617,24.87948,"3"
"1041",57.73123,24.89394,"3"
"1042",57.76627,24.90839,"3"
"1043",57.2016,24.71317,"3"
"1044",56.58976,21.15925,"3"
"1045",56.66066,21.18013,"3"
"1046",56.60469,21.19665,"3"
"1047",56.72874,21.23338,"3"
"1048",56.47784,21.19224,"3"
"1049",56.51329,21.20267,"3"
"1050",56.54873,21.21314,"3"
"1051",56.67276,21.24983,"3"
"1052",56.70363,21.2806,"3"
"1053",56.56365,21.25049,"3"
"1054",56.17099,21.16833,"3"
"1055",56.48996,21.26165,"3"
"1056",56.64942,21.309,"3"
"1057",56.68485,21.31959,"3"
"1058",56.15048,21.195,"3"
"1059",56.46943,21.28848,"3"
"1060",56.50486,21.29896,"3"
"1061",56.54029,21.30951,"3"
"1062",56.57573,21.32005,"3"
"1063",56.62887,21.33591,"3"
"1064",56.66431,21.34652,"3"
"1065",56.16541,21.23197,"3"
"1066",56.48431,21.3258,"3"
"1067",56.64375,21.37341,"3"
"1068",56.76774,21.41076,"3"
"1069",56.33977,21.31583,"3"
"1070",56.55235,21.37903,"3"
"1071",56.71647,21.41895,"3"
"1072",56.26608,21.32684,"3"
"1073",56.35465,21.35302,"3"
"1074",56.51408,21.40053,"3"
"1075",56.58492,21.42179,"3"
"1076",56.44038,21.4114,"3"
"1077",56.63639,21.48033,"3"
"1078",56.39925,21.46481,"3"
"1079",56.55863,21.51287,"3"
"1080",56.37868,21.49149,"3"
"1081",56.3404,21.51279,"3"
"1082",56.42892,21.53948,"3"
"1083",56.39063,21.56077,"3"
"1084",56.76237,21.67453,"3"
"1085",56.79777,21.68549,"3"
"1086",56.83318,21.69649,"3"
"1087",56.33955,21.57162,"3"
"1088",56.42316,21.60349,"3"
"1089",56.49396,21.62507,"3"
"1090",56.43796,21.64089,"3"
"1091",56.47335,21.6517,"3"
"1092",56.32885,21.64053,"3"
"1093",56.73296,21.79806,"3"
"1094",56.76835,21.80915,"3"
"1095",56.48229,21.75328,"3"
"1096",56.37318,21.75257,"3"
"1097",56.78012,21.87926,"3"
"1098",56.41742,21.86488,"3"
"1099",56.45281,21.87591,"3"
"1100",56.48819,21.88693,"3"
"1101",56.61575,21.92731,"3"
"1102",56.55596,21.94117,"3"
"1103",56.78587,22.01399,"3"
"1104",56.49992,21.95655,"3"
"1105",56.81823,22.0576,"3"
"1106",56.62072,22.02775,"3"
"1107",56.58235,22.04864,"3"
"1108",56.48491,22.11673,"3"
"1109",56.44653,22.13746,"3"
"1110",56.69397,22.21688,"3"
"1111",56.42583,22.1638,"3"
"1112",56.46117,22.17509,"3"
"1113",56.49651,22.18641,"3"
"1114",56.81462,22.28936,"3"
"1115",56.44046,22.20142,"3"
"1116",56.59952,22.2526,"3"
"1117",56.75854,22.30431,"3"
"1118",56.84688,22.33324,"3"
"1119",56.47275,22.24476,"3"
"1120",56.43435,22.26536,"3"
"1121",56.49889,22.35222,"3"
"1122",56.53112,22.39573,"3"
"1123",56.68926,21.05663,"3"
"1124",56.72495,21.06673,"3"
"1125",56.7604,21.07711,"3"
"1126",56.38533,21.00118,"3"
"1127",56.66899,21.08342,"3"
"1128",56.36371,21.03176,"3"
"1129",56.52365,21.0757,"3"
"1130",56.57759,21.08974,"3"
"1131",56.13555,21.15807,"3"
"1132",56.60603,21.99001,"3"
"1133",56.84451,22.16591,"3"
"1134",56.77046,23.43534,"3"
"1135",56.62882,23.42562,"3"
"1136",56.77529,22.50935,"3"
"1137",56.41896,22.42515,"3"
"1138",56.54259,22.46563,"3"
"1139",56.82511,22.55927,"3"
"1140",56.43351,22.46285,"3"
"1141",56.59245,22.51513,"3"
"1142",56.41273,22.48903,"3"
"1143",56.82531,25.87547,"3"
"1144",56.88322,26.00143,"3"
"1145",56.75705,25.98096,"3"
"1146",56.91415,26.04857,"3"
"1147",56.80544,26.03539,"3"
"1148",56.94637,26.2317,"3"
"1149",56.87258,26.23317,"3"
"1150",56.4673,26.09166,"3"
"1151",56.74645,26.21191,"3"
"1152",56.81621,26.24231,"3"
"1153",56.48075,26.13082,"3"
"1154",56.84704,26.28953,"3"
"1155",56.48611,26.17753,"3"
"1156",56.8081,26.30621,"3"
"1157",57.03472,26.40625,"3"
"1158",56.76917,26.32286,"3"
"1159",57.0132,26.43062,"3"
"1160",56.521,26.24847,"3"
"1161",56.74766,26.34714,"3"
"1162",56.37742,26.22002,"3"
"1163",56.42975,26.24254,"3"
"1164",56.7436,26.37902,"3"
"1165",57.05725,26.51824,"3"
"1166",57.0921,26.53384,"3"
"1167",56.35596,26.24414,"3"
"1168",56.51287,26.3119,"3"
"1169",57.03159,26.57463,"3"
"1170",56.48734,26.36769,"3"
"1171",56.99264,26.59106,"3"
"1172",57.04487,26.61457,"3"
"1173",57.0797,26.6303,"3"
"1174",57.11452,26.64606,"3"
"1175",56.74464,26.51424,"3"
"1176",56.77948,26.52969,"3"
"1177",56.65342,26.50755,"3"
"1178",56.8102,26.57711,"3"
"1179",56.8409,26.6246,"3"
"1180",56.66228,23.43254,"3"
"1181",56.69897,23.44832,"3"
"1182",56.57242,23.43745,"3"
"1183",56.60702,23.44888,"3"
"1184",56.64223,23.46012,"3"
"1185",56.72636,23.49731,"3"
"1186",56.5877,23.47484,"3"
"1187",56.62191,23.4872,"3"
"1188",56.38962,23.44249,"3"
"1189",56.47831,23.46983,"3"
"1190",56.54818,23.49428,"3"
"1191",56.63605,23.52559,"3"
"1192",56.37075,23.46557,"3"
"1193",56.40382,23.47957,"3"
"1194",56.43927,23.48997,"3"
"1195",56.52761,23.52175,"3"
"1196",56.59719,23.54575,"3"
"1197",56.34837,23.48858,"3"
"1198",56.5052,23.53915,"3"
"1199",56.54477,23.56078,"3"
"1200",56.57251,23.60791,"3"
"1201",56.34079,23.55432,"3"
"1202",56.39066,23.60336,"3"
"1203",56.42606,23.6219,"3"
"1204",56.46016,23.63261,"3"
"1205",56.54966,23.65508,"3"
"1206",56.5839,23.67301,"3"
"1207",56.61909,23.68576,"3"
"1208",56.46202,23.66155,"3"
"1209",56.51004,23.67994,"3"
"1210",56.5629,23.69861,"3"
"1211",56.41856,23.6805,"3"
"1212",56.45401,23.69148,"3"
"1213",56.54188,23.72419,"3"
"1214",56.39647,23.70836,"3"
"1215",56.43291,23.71788,"3"
"1216",56.48616,23.73658,"3"
"1217",56.5562,23.76299,"3"
"1218",56.64399,23.79464,"3"
"1219",56.67572,23.83958,"3"
"1220",56.62671,23.95471,"3"
"1221",56.39423,23.90281,"3"
"1222",56.42974,23.91604,"3"
"1223",57.81769,24.44724,"3"
"1224",57.33854,24.63185,"3"
"1225",57.19423,24.77801,"3"
"1226",57.50975,24.9058,"3"
"1227",56.91919,24.93782,"3"
"1228",56.95423,24.95188,"3"
"1229",57.12194,25.08747,"3"
"1230",57.77534,24.49915,"3"
"1231",57.34617,24.56586,"3"
"1232",57.46903,24.61588,"3"
"1233",57.81002,25.16792,"3"
"1234",57.87932,25.1957,"3"
"1235",57.52459,25.25418,"3"
"1236",57.11861,24.30845,"3"
"1237",57.36443,24.40427,"3"
"1238",57.43469,24.43194,"3"
"1239",57.06234,24.32042,"3"
"1240",57.48355,24.48534,"3"
"1241",57.33603,24.49508,"3"
"1242",57.45887,24.54382,"3"
"1243",57.27615,24.5393,"3"
"1244",57.50424,24.63019,"3"
"1245",57.62701,24.67965,"3"
"1246",57.20232,24.54407,"3"
"1247",57.23713,24.55855,"3"
"1248",57.32513,24.59271,"3"
"1249",57.39532,24.62066,"3"
"1250",57.48303,24.65582,"3"
"1251",57.5182,24.67036,"3"
"1252",57.11025,24.7106,"3"
"1253",57.21545,24.7526,"3"
"1254",57.42583,24.83747,"3"
"1255",57.8464,25.01061,"3"
"1256",57.9964,25.06282,"3"
"1257",57.82513,25.03623,"3"
"1258",56.96262,24.71947,"3"
"1259",57.24313,24.831556,"3"
"1260",57.7513,25.03989,"3"
"1261",57.78633,25.0545,"3"
"1262",57.8739,25.09119,"3"
"1263",57.25695,24.8711,"3"
"1264",57.41466,24.93526,"3"
"1265",57.62027,25.05655,"3"
"1266",57.74375,25.1056,"3"
"1267",57.77877,25.12028,"3"
"1268",57.90137,25.17192,"3"
"1269",57.93636,25.18674,"3"
"1270",57.33713,24.97168,"3"
"1271",57.59988,25.07995,"3"
"1272",57.65242,25.10184,"3"
"1273",57.7575,25.1458,"3"
"1274",57.14347,24.92985,"3"
"1275",57.21074,24.95417,"3"
"1276",57.36841,25.01856,"3"
"1277",57.61361,25.12001,"3"
"1278",57.68367,25.14925,"3"
"1279",57.92876,25.25277,"3"
"1280",57.10187,24.94394,"3"
"1281",57.34715,25.04412,"3"
"1282",57.66236,25.17471,"3"
"1283",57.81992,25.24113,"3"
"1284",57.88993,25.27083,"3"
"1285",56.85282,24.8776,"3"
"1286",57.51851,25.1489,"3"
"1287",57.02435,24.98014,"3"
"1288",57.00306,25.00533,"3"
"1289",57.31831,25.13421,"3"
"1290",56.92922,25.00919,"3"
"1291",56.92173,25.07352,"3"
"1292",56.95676,25.08775,"3"
"1293",57.01925,25.18072,"3"
"1294",57.17682,25.24559,"3"
"1295",56.97667,25.23079,"3"
