"","LAT","LONG"
"1",56.81804,21.4592
"2",56.83285,21.49695
"3",56.77399,21.5453
"4",56.77109,21.57767
"5",56.84189,21.59943
"6",57.45547,21.86004
"7",57.579298,21.89992
"8",57.27557,21.83601
"9",57.31095,21.84733
"10",56.69156,21.65267
"11",56.61786,21.66303
"12",56.65863,21.65762
"13",56.81257,21.72331
"14",57.37875,21.90289
"15",56.68574,21.71709
"16",56.84499,21.76674
"17",57.58799,22.00485
"18",57.47587,22.03586
"19",57.49357,22.04168
"20",56.64745,21.73835
"21",57.28434,21.93982
"22",57.60225,22.04437
"23",56.6268,21.76507
"24",57.45819,22.03009
"25",57.43768,22.04066
"26",57.47286,22.06874
"27",56.85085,21.9016
"28",57.38145,22.07252
"29",57.41677,22.08412
"30",57.48842,22.11071
"31",57.4668,22.12877
"32",56.63267,21.89916
"33",57.35769,22.13228
"34",57.39307,22.14388
"35",57.4284,22.15561
"36",56.8389,22.03099
"37",57.38698,22.20949
"38",57.47568,22.25554
"39",57.46069,22.20015
"40",56.65316,21.93099
"41",56.82423,21.99296
"42",57.4784,22.20603
"43",57.49807,22.22746
"44",57.61978,22.25325
"45",57.63742,22.25913
"46",57.47534,22.23889
"47",57.61667,22.28631
"48",57.66972,22.30409
"49",56.69146,22.05021
"50",57.46825,22.27208
"51",57.68897,22.34023
"52",57.38081,22.27494
"53",57.416161,22.28684
"54",57.48685,22.3105
"55",57.64586,22.36412
"56",57.11266,22.21996
"57",57.13035,22.22578
"58",57.43074,22.32556
"59",57.46955,22.32824
"60",57.55442,22.36718
"61",57.6982,22.41472
"62",57.71461,22.42084
"63",57.1273,22.25831
"64",57.16258,22.27005
"65",57.25109,22.2981
"66",57.47017,22.36835
"67",57.59932,22.42558
"68",57.09482,22.27671
"69",57.1949,22.31431
"70",57.35391,22.36736
"71",57.38925,22.37927
"72",57.42458,22.39117
"73",57.58507,22.45787
"74",57.15647,22.33514
"75",57.43906,22.42985
"76",57.63342,22.49619
"77",57.08293,22.34416
"78",57.20638,22.38541
"79",57.489,22.48074
"80",56.70861,22.25483
"81",57.13262,22.39439
"82",57.15034,22.40028
"83",57.18562,22.41209
"84",57.25627,22.43581
"85",57.27394,22.44176
"86",57.2916,22.44769
"87",57.49438,22.51626
"88",57.53888,22.53166
"89",57.61885,22.54059
"90",57.16485,22.43882
"91",57.20404,22.45492
"92",57.44742,22.53434
"93",57.48273,22.54641
"94",57.51805,22.558506
"95",57.55335,22.57063
"96",57.6066,22.59223
"97",56.70242,22.31921
"98",57.10876,22.45355
"99",57.2636,22.50351
"100",57.19392,22.5158
"101",57.50906,22.67646
"102",57.52712,22.6673
"103",57.45243,22.67162
"104",57.47393,22.682
"105",57.54071,22.70218
"106",57.16685,22.60756
"107",57.20218,22.619549
"108",57.23748,22.6316
"109",57.43163,22.69828
"110",57.1988,22.65297
"111",57.51669,22.76176
"112",57.49632,22.78981
"113",56.78667,22.57971
"114",57.0691,22.67505
"115",57.15735,22.70517
"116",57.4745,22.81219
"117",56.65998,22.57069
"118",56.73058,22.59418
"119",57.45418,22.84175
"120",56.70976,22.62048
"121",57.0275,22.72793
"122",57.0804,22.74601
"123",56.72425,22.65857
"124",56.79486,22.68234
"125",57.20074,22.82113
"126",57.43005,22.90113
"127",56.54318,22.8297
"128",56.66668,22.87167
"129",56.70197,22.88372
"130",57.23541,23.0542
"131",56.52699,22.62574
"132",56.75638,22.70266
"133",57.17988,22.84757
"134",57.4114,22.91741
"135",56.66497,22.70508
"136",56.75322,22.73485
"137",57.03503,22.83154
"138",57.26486,22.91081
"139",57.35305,22.94174
"140",57.38828,22.95499
"141",56.65225,22.83355
"142",56.68753,22.84558
"143",56.50297,22.6839
"144",56.8559,22.80311
"145",57.24398,22.93727
"146",57.29689,22.9558
"147",57.33216,22.96822
"148",56.42921,22.69229
"149",56.62334,22.75741
"150",56.74684,22.79926
"151",57.1702,22.94518
"152",57.22313,22.96369
"153",56.39075,22.71244
"154",56.63788,22.79547
"155",56.70835,22.81943
"156",56.83186,22.86159
"157",57.3433,23.03979
"158",56.40522,22.75023
"159",56.49345,22.77983
"160",56.84626,22.89992
"161",57.16373,23.01022
"162",57.23425,23.03505
"163",57.25188,23.04128
"164",57.35765,23.07874
"165",56.52235,22.85574
"166",56.57525,22.87371
"167",56.65699,22.96801
"168",56.70989,22.98618
"169",57.13303,23.13403
"170",56.82466,23.29296
"171",56.89514,23.31797
"172",57.157193,23.075266
"173",57.31584,23.13157
"174",56.44857,22.86383
"175",57.10883,23.19279
"176",57.14404,23.20531
"177",56.42772,22.88976
"178",56.56559,22.96982
"179",57.20023,23.19159
"180",56.54471,22.99581
"181",56.82682,23.09338
"182",56.6727,23.17281
"183",56.79605,23.21614
"184",56.55911,23.03386
"185",56.45006,23.0295
"186",56.67925,23.10862
"187",56.83787,23.16402
"188",57.08459,23.25136
"189",56.53494,23.09179
"190",56.57022,23.10399
"191",56.62309,23.12234
"192",56.69357,23.14689
"193",56.86983,23.20868
"194",56.63745,23.16048
"195",56.83128,23.22853
"196",56.53616,23.25784
"197",56.85323,23.36995
"198",56.9237,23.39524
"199",57.00381,23.42432
"200",56.54604,23.1619
"201",56.5813,23.17414
"202",56.65178,23.19878
"203",56.41939,23.15107
"204",56.50751,23.18161
"205",56.36323,23.16468
"206",56.64516,23.26291
"207",56.75089,23.30018
"208",56.78609,23.31264
"209",56.87421,23.34399
"210",56.94464,23.36917
"211",56.9975,23.38809
"212",57.0327,23.40082
"213",56.73484,23.62787
"214",56.94603,23.70494
"215",56.63854,23.32699
"216",56.92324,23.43021
"217",57.02598,23.46556
"218",56.63519,23.35906
"219",56.80375,23.45747
"220",56.93126,23.49841
"221",56.382,23.33614
"222",56.81928,23.48151
"223",56.91021,23.52432
"224",56.92432,23.56726
"225",56.48428,23.40524
"226",56.85405,23.53747
"227",56.88926,23.55015
"228",56.83368,23.56396
"229",56.76057,23.59878
"230",56.7735,23.60848
"231",56.66448,23.60232
"232",56.69971,23.61516
"233",56.81604,23.72424
"234",56.83707,23.69848
"235",56.74226,23.73064
"236",56.86542,23.77582
"237",56.89495,23.777967
"238",56.77057,23.80782
"239",56.89367,23.85322
"240",56.80836,23.7911
"241",56.91473,23.8275
"242",56.7005,23.94875
"243",56.73568,23.96172
"244",56.88681,23.91774
"245",56.92191,23.9309
"246",56.88326,23.94992
"247",56.90084,23.95653
"248",56.63366,23.8907
"249",56.66771,23.9187
"250",56.70225,23.9178
"251",57.04853,24.11299
"252",56.79542,24.08437
"253",56.81292,24.09302
"254",56.71102,24.01937
"255",56.83413,24.06548
"256",56.40873,23.94078
"257",56.35256,23.95327
"258",56.70415,24.08351
"259",56.73927,24.09669
"260",56.77085,24.14208
"261",56.79697,24.18587
"262",56.96055,24.24762
"263",57.17129,24.3289
"264",56.93943,24.27319
"265",57.00969,24.30016
"266",56.95341,24.31216
"267",56.98859,24.32569
"268",56.74582,24.36649
"269",56.81621,24.39365
"270",56.88644,24.42067
"271",56.93909,24.44111
"272",56.97419,24.45475
"273",57.00926,24.46837
"274",57.06194,24.48892
"275",57.07947,24.4958
"276",56.70405,24.25035
"277",56.9323,24.33766
"278",56.75314,24.30251
"279",56.94627,24.37661
"280",57.06915,24.42431
"281",56.48631,24.23466
"282",56.71443,24.32116
"283",56.87247,24.38171
"284",57.03043,24.44296
"285",56.33795,24.21061
"286",56.90038,24.45963
"287",56.95345,24.47785
"288",57.07589,24.52813
"289",56.42281,24.31032
"290",56.68614,24.41047
"291",56.73879,24.43073
"292",56.77395,24.44422
"293",56.80905,24.4578
"294",57.00209,24.53292
"295",56.61234,24.41568
"296",56.7703,24.47638
"297",56.92825,24.53768
"298",56.43319,24.38063
"299",56.50353,24.40712
"300",56.5209,24.41402
"301",56.6263,24.45428
"302",56.73158,24.49488
"303",56.94208,24.56259
"304",56.53491,24.45261
"305",56.72762,24.52701
"306",56.76307,24.54051
"307",56.85078,24.57463
"308",56.88693,24.58097
"309",56.92099,24.60211
"310",56.3558,24.41756
"311",56.74189,24.56575
"312",56.79452,24.58624
"313",56.82959,24.59994
"314",56.7558,24.60463
"315",56.87854,24.65274
"316",56.35222,24.4493
"317",56.3311,24.47437
"318",56.45393,24.52125
"319",56.68198,24.60936
"320",56.83986,24.67103
"321",56.8649,24.79122
"322",56.43273,24.54634
"323",56.73096,24.66187
"324",56.78357,24.6825
"325",56.88881,24.72355
"326",56.90621,24.73262
"327",56.40064,24.66674
"328",56.47079,24.69386
"329",56.52341,24.71433
"330",56.44663,24.58484
"331",56.48174,24.5984
"332",56.67469,24.6733
"333",56.83249,24.73519
"334",56.42546,24.60989
"335",56.58334,24.67105
"336",56.65349,24.69844
"337",56.7061,24.71903
"338",56.47596,24.66231
"339",56.82516,24.7995
"340",56.53729,24.75301
"341",56.60741,24.78051
"342",56.69506,24.81503
"343",56.44592,24.75064
"344",56.55113,24.79175
"345",56.60372,24.81241
"346",56.63877,24.82623
"347",56.67382,24.84009
"348",56.47731,24.79614
"349",56.5299,24.81675
"350",56.45609,24.82105
"351",56.61385,24.88314
"352",56.73798,24.93485
"353",56.80658,24.95988
"354",56.50498,24.87351
"355",56.5926,24.90812
"356",56.69775,24.94987
"357",56.75032,24.97092
"358",56.78504,24.98407
"359",56.82132,25.00226
"360",56.72906,24.99592
"361",56.51507,24.94409
"362",56.48375,24.89844
"363",56.57137,24.93307
"364",56.64145,24.96093
"365",56.83416,25.03812
"366",57.39396,25.25959
"367",57.33489,25.27601
"368",56.63398,25.02477
"369",56.70404,25.05285
"370",56.33875,25.04042
"371",56.60144,25.14534
"372",56.81153,25.23049
"373",56.84653,25.24481
"374",56.97104,25.29478
"375",57.00406,25.30956
"376",56.43754,24.97994
"377",56.5952,25.04269
"378",56.80392,25.1259
"379",57.16045,25.26859
"380",57.19057,25.28518
"381",56.38125,24.99088
"382",56.6615,25.10267
"383",57.13422,25.29566
"384",57.32664,25.37618
"385",56.29996,25.0582
"386",56.38755,25.09299
"387",56.41255,25.0365
"388",56.51764,25.07837
"389",56.57018,25.0994
"390",56.72776,25.16291
"391",56.92033,25.24138
"392",57.35782,25.4233
"393",57.42778,25.45284
"394",56.82143,25.30178
"395",56.87389,25.32344
"396",56.90861,25.33638
"397",56.83119,25.37403
"398",56.90126,25.40207
"399",56.99035,25.43033
"400",56.70269,25.21976
"401",56.86047,25.28442
"402",57.01664,25.3489
"403",57.36763,25.49575
"404",56.3237,25.16708
"405",56.47857,25.23185
"406",56.34875,25.11078
"407",56.40129,25.1317
"408",56.66391,25.23747
"409",56.78642,25.2874
"410",56.94387,25.35229
"411",56.22241,25.09372
"412",56.25743,25.10759
"413",56.37999,25.15639
"414",56.41501,25.17041
"415",56.6951,25.28367
"416",56.76511,25.31226
"417",56.85326,25.34514
"418",56.93838,25.38518
"419",56.97464,25.39907
"420",56.27117,25.14613
"421",56.78857,25.42269
"422",56.87604,25.45892
"423",56.89358,25.46809
"424",56.19738,25.14991
"425",56.24982,25.17091
"426",56.35493,25.21278
"427",56.40745,25.23386
"428",56.56499,25.29756
"429",56.73993,25.36908
"430",56.88023,25.43202
"431",56.98479,25.470485
"432",56.29978,25.22441
"433",56.40364,25.26559
"434",56.49119,25.30104
"435",56.56108,25.32948
"436",56.71864,25.39386
"437",56.34736,25.27547
"438",56.50484,25.33991
"439",56.59232,25.37548
"440",56.78479,25.45469
"441",56.9788,25.54126
"442",57.06446,25.5744
"443",56.48354,25.36444
"444",56.60599,25.41449
"445",57.04552,25.73596
"446",56.82566,25.57257
"447",56.22103,25.25851
"448",56.25603,25.27254
"449",56.32605,25.30072
"450",56.41351,25.33608
"451",57.04319,25.5964
"452",56.30475,25.32534
"453",56.81201,25.53328
"454",56.87753,25.56613
"455",56.93446,25.58447
"456",57.03924,25.62872
"457",57.09121,25.6512
"458",56.26592,25.3428
"459",56.35339,25.37824
"460",56.4234,25.40656
"461",56.51084,25.44234
"462",56.54583,25.45664
"463",56.27957,25.38144
"464",56.31461,25.39563
"465",56.36707,25.41689
"466",56.48177,25.53045
"467",56.60421,25.58106
"468",56.15712,25.33212
"469",56.43705,25.44548
"470",56.52452,25.48128
"471",56.55948,25.49563
"472",56.59441,25.51009
"473",56.6294,25.52459
"474",56.64691,25.5318
"475",56.7518,25.57535
"476",56.80424,25.59732
"477",57.03154,25.68663
"478",57.10139,25.72275
"479",56.29327,25.42018
"480",56.31036,25.42899
"481",56.3807,25.45574
"482",56.41403,25.47315
"483",56.66048,25.5709
"484",56.69551,25.58542
"485",56.81786,25.63655
"486",56.20198,25.41626
"487",56.32344,25.46858
"488",56.44683,25.51609
"489",56.63916,25.59559
"490",56.76149,25.6466
"491",56.95375,25.72767
"492",57.06089,25.76239
"493",56.16313,25.43369
"494",56.2506,25.46914
"495",56.47794,25.56227
"496",56.53037,25.58389
"497",56.6353,25.62746
"498",56.88,25.7302
"499",56.57895,25.63746
"500",56.7013,25.68851
"501",56.80611,25.7326
"502",57.06809,25.8442
"503",57.20785,25.90429
"504",56.27012,25.60971
"505",56.42739,25.67464
"506",56.27783,25.54648
"507",56.31282,25.56086
"508",56.34782,25.5752
"509",56.4352,25.61125
"510",56.47013,25.62566
"511",56.62743,25.69109
"512",56.71486,25.72777
"513",56.82738,25.75895
"514",57.18143,25.93469
"515",56.19349,25.53581
"516",56.29145,25.58531
"517",56.44879,25.65022
"518",56.53619,25.68643
"519",56.60607,25.71567
"520",56.65848,25.7377
"521",56.69345,25.75229
"522",56.72838,25.76713
"523",56.81576,25.80408
"524",56.922,25.85394
"525",57.04283,25.90109
"526",57.07771,25.91618
"527",57.12357,25.93623
"528",57.20406,25.97481
"529",56.53227,25.71831
"530",56.58466,25.74025
"531",56.89853,25.87756
"532",57.04583,25.9397
"533",57.2142,26.01398
"534",56.16133,25.59827
"535",56.19627,25.61259
"536",56.23125,25.62691
"537",56.31867,25.66294
"538",56.54585,25.75735
"539",56.63315,25.79403
"540",56.66813,25.80877
"541",56.70307,25.82357
"542",57.01763,25.95692
"543",56.14187,25.75559
"544",56.22919,25.79175
"545",56.24275,25.83057
"546",56.14,25.62263
"547",56.24482,25.66562
"548",56.2798,25.6801
"549",56.33221,25.70169
"550",56.40211,25.73076
"551",56.43708,25.74528
"552",56.48951,25.76713
"553",56.59428,25.81115
"554",56.64682,25.83327
"555",56.71658,25.86281
"556",56.73404,25.87028
"557",56.15358,25.66118
"558",56.18853,25.67559
"559",56.2759,25.71159
"560",56.69408,25.88756
"561",56.85229,25.95439
"562",56.97459,26.0081
"563",57.00947,26.0226
"564",57.16651,26.09059
"565",56.25452,25.7359
"566",56.35933,25.7795
"567",56.60385,25.88218
"568",57.1572,26.11051
"569",56.37289,25.81845
"570",56.24666,25.799
"571",56.26836,25.80084
"572",56.33397,25.84163
"573",56.85775,26.05798
"574",56.98101,26.12591
"575",56.39989,25.89637
"576",56.43482,25.91102
"577",56.74908,26.0448
"578",56.87125,26.09748
"579",56.90611,26.11266
"580",56.99335,26.15068
"581",56.25626,25.86939
"582",56.34361,25.90594
"583",56.72764,26.06919
"584",56.58395,26.04125
"585",56.59747,26.08048
"586",56.63235,26.09543
"587",56.52367,26.08231
"588",56.55856,26.0973
"589",56.57602,26.10477
"590",56.61095,26.11976
"591",56.64579,26.13483
"592",56.83769,26.21796
"593",56.55455,26.12903
"594",56.62435,26.15905
"595",56.3761,26.08616
"596",56.53309,26.1533
"597",56.40698,26.13266
"598",56.56396,26.20007
"599",56.65116,26.23777
"600",56.17212,26.09932
"601",56.55621,26.26741
"602",56.53439,26.287734
"603",56.62973,26.26121
"604",56.64225,26.2971
"605",56.67794,26.31662
"606",57.39792,26.87862
"607",56.29554,26.28475
"608",56.3653,26.31482
"609",56.38275,26.32236
"610",56.45248,26.35251
"611",56.52219,26.38292
"612",56.30893,26.32385
"613",56.3961,26.36149
"614",56.51811,26.41453
"615",55.86891,26.1697
"616",56.28745,26.3479
"617",55.80979,26.34206
"618",55.89652,26.37908
"619",57.53313,27.11403
"620",55.84336,26.22468
"621",55.87826,26.23946
"622",56.74968,26.61762
"623",55.81797,26.24864
"624",55.85685,26.26322
"625",55.89166,26.27806
"626",56.39718,26.49547
"627",56.44946,26.51838
"628",56.51916,26.54903
"629",57.45897,26.9759
"630",55.92249,26.32407
"631",56.07941,26.39114
"632",56.38191,26.53111
"633",57.40266,26.98374
"634",55.79564,26.30293
"635",56.37156,26.55102
"636",57.41568,27.02431
"637",55.84396,26.3865
"638",56.22391,26.55323
"639",57.26818,27.024
"640",57.28554,27.03203
"641",57.42459,27.09726
"642",55.92366,26.45642
"643",56.23662,26.58715
"644",57.21177,27.03196
"645",57.24933,27.05569
"646",57.26391,27.056025
"647",57.42035,27.12965
"648",57.48985,27.16249
"649",55.90216,26.48017
"650",55.98925,26.51763
"651",55.91551,26.51884
"652",55.91137,26.55007
"653",56.1552,26.65603
"654",55.88984,26.57373
"655",56.29034,26.74873
"656",55.88574,26.60492
"657",56.54684,26.89672
"658",55.77298,26.62211
"659",56.01021,26.72998
"660",56.0864,26.75846
"661",56.24301,26.82778
"662",56.55616,26.96814
"663",56.25626,26.86689
"664",55.97063,27.07144
"665",56.16433,26.85909
"666",56.19971,26.87485
"667",56.2346,26.89059
"668",56.26943,26.90614
"669",55.7954,26.73044
"670",56.50455,27.08056
"671",56.53923,27.09475
"672",56.40903,27.10256
"673",56.01488,26.96399
"674",56.03967,26.96989
"675",56.03516,27.00119
"676",56.04861,27.03987
"677",55.89295,27.23529
"678",55.9105,27.37543
"679",55.85614,27.59797
"680",55.95827,27.56284
"681",55.80641,27.59247
"682",57.83883,26.01015
"683",57.73769,26.027
"684",56.61612,26.79346
"685",56.95597,27.15149
"686",56.58303,27.31666
"687",56.61777,27.33276
"688",56.89555,27.46288
"689",57.08641,27.55363
"690",57.15579,27.58684
"691",56.56137,27.34022
"692",56.5936,27.36307
"693",56.82189,27.46238
"694",57.06468,27.57734
"695",56.73063,27.45296
"696",56.76534,27.46924
"697",56.80006,27.48561
"698",56.9215,27.54309
"699",57.00826,27.58448
"700",56.81306,27.52558
"701",56.7046,27.5083
"702",56.73928,27.52468
"703",56.78774,27.54631
"704",56.82605,27.56569
"705",56.84342,27.57398
"706",56.86188,27.58072
"707",56.89545,27.59867
"708",57.05155,27.67341
"709",57.08622,27.69009
"710",56.76018,27.559
"711",56.80435,27.58931
"712",56.83965,27.6031
"713",56.8737,27.62233
"714",56.90837,27.63886
"715",57.06447,27.71381
"716",56.81731,27.62936
"717",56.92384,21.29171
"718",57.27511,21.43222
"719",56.88254,21.34584
"720",56.91961,21.36607
"721",57.14828,21.42674
"722",57.2014,21.44309
"723",56.96828,21.40511
"724",57.18512,27.46678
"725",57.23011,27.48335
"726",57.34677,27.54157
"727",55.95267,26.93141
"728",56.07443,26.98538
"729",55.77692,26.89293
"730",56.08836,27.02873
"731",57.21662,27.54757
"732",57.33798,27.60619
"733",57.37728,27.6229
"734",55.97911,27.00926
"735",56.671964,27.329599
"736",57.22963,27.58802
"737",57.26425,27.60487
"738",57.29891,27.62164
"739",57.19048,27.60357
"740",56.28873,24.52434
"741",56.39038,24.59638
"742",57.94244,25.29326
"743",57.97745,25.30821
"744",58.04744,25.33823
"745",56.41452,24.70523
"746",57.8336,25.28146
"747",57.9911,25.34875
"748",57.8123,25.30704
"749",57.96976,25.37429
"750",57.79139,25.33535
"751",57.94844,25.39977
"752",57.55959,25.26888
"753",57.60392,25.97492
"754",57.63882,25.99036
"755",57.67374,26.00583
"756",57.68211,25.32061
"757",57.71712,25.33544
"758",57.90958,25.41771
"759",56.54004,24.88735
"760",57.6258,25.33112
"761",57.69579,25.3608
"762",57.76576,25.39063
"763",57.80075,25.40559
"764",57.81825,25.4131
"765",57.88823,25.44315
"766",57.95819,25.47334
"767",57.67445,25.38613
"768",57.79691,25.43846
"769",57.83192,25.4529
"770",57.90185,25.48364
"771",57.84389,25.48996
"772",57.93294,25.53175
"773",56.54639,24.98984
"774",56.7916,25.08809
"775",57.57914,25.4131
"776",57.73669,25.48163
"777",57.80692,25.51182
"778",57.89408,25.54954
"779",57.96402,25.57995
"780",57.62788,25.46943
"781",57.69786,25.49941
"782",57.78552,25.53682
"783",57.85522,25.5673
"784",57.87201,25.56846
"785",57.90766,25.59009
"786",56.50387,25.03958
"787",57.60651,25.49467
"788",57.64151,25.50966
"789",57.72894,25.54724
"790",57.76391,25.56232
"791",57.79889,25.57749
"792",57.83385,25.59262
"793",57.92126,25.63065
"794",57.67258,25.55743
"795",57.74253,25.58763
"796",57.77696,25.63381
"797",57.86491,25.64076
"798",57.89986,25.65599
"799",56.53139,25.1172
"800",57.60034,25.55716
"801",57.70373,25.60528
"802",57.79107,25.64317
"803",56.4576,25.12096
"804",56.54513,25.1561
"805",57.64732,25.61536
"806",57.83958,25.69889
"807",56.31372,25.09681
"808",56.4363,25.1457
"809",56.47133,25.1597
"810",56.50633,25.17381
"811",56.55886,25.19494
"812",57.56969,25.63207
"813",57.60845,25.63298
"814",57.62464,25.64102
"815",56.34498,25.14242
"816",56.45004,25.18444
"817",56.53757,25.21971
"818",56.57259,25.23386
"819",57.63949,25.68078
"820",57.67105,25.69032
"821",57.82777,25.75078
"822",57.86665,25.78001
"823",57.65187,25.69568
"824",57.84525,25.80522
"825",57.85876,25.84579
"826",56.20203,25.20287
"827",57.59278,25.76367
"828",57.81985,25.86322
"829",56.18981,25.21301
"830",56.46986,25.32562
"831",57.57136,25.78872
"832",57.64124,25.81921
"833",57.72856,25.85753
"834",57.54995,25.81373
"835",57.63727,25.85191
"836",57.67221,25.86724
"837",57.79446,25.92116
"838",57.82936,25.93666
"839",57.56346,25.85398
"840",57.66823,25.89998
"841",57.72063,25.92306
"842",57.76903,25.97912
"843",57.80392,25.99459
"844",57.75095,25.99952
"845",57.56899,25.95951
"846",57.70864,26.02133
"847",57.72611,26.02909
"848",57.76417,26.04613
"849",57.70464,26.05404
"850",57.57848,26.03248
"851",57.73553,26.10238
"852",57.62681,26.08834
"853",57.73149,26.13512
"854",57.5354,26.0823
"855",57.47916,26.09156
"856",57.51408,26.10705
"857",57.67109,26.1771
"858",57.37046,26.07782
"859",57.48857,26.16439
"860",57.34498,26.13495
"861",57.39731,26.15814
"862",57.50195,26.20471
"863",57.56767,26.26857
"864",57.30201,26.18432
"865",57.42409,26.23857
"866",57.51131,26.27756
"867",57.58105,26.30897
"868",57.38518,26.2555
"869",57.32882,26.26455
"870",57.48571,26.33481
"871",57.37706,26.32034
"872",57.56878,26.40673
"873",57.35553,26.34497
"874",57.51241,26.41559
"875",57.5647,26.4393
"876",57.33403,26.36953
"877",57.37442,26.39229
"878",57.29044,26.38853
"879",57.38221,26.42545
"880",57.41707,26.44118
"881",57.32584,26.43427
"882",57.34327,26.44217
"883",57.36068,26.44998
"884",57.48266,26.50523
"885",57.31762,26.49903
"886",57.38732,26.53056
"887",57.34835,26.54713
"888",57.3965,26.60354
"889",57.44871,26.62717
"890",57.51835,26.65913
"891",57.55318,26.67517
"892",57.30747,26.59725
"893",57.45944,26.67935
"894",57.49678,26.68361
"895",57.31851,26.6363
"896",57.40557,26.67605
"897",57.44038,26.69209
"898",57.52743,26.73219
"899",57.33177,26.6766
"900",57.34502,26.7169
"901",57.50167,26.78911
"902",57.53644,26.80533
"903",57.3592,26.75585
"904",57.42786,26.78937
"905",57.48006,26.81351
"906",57.51486,26.82969
"907",57.58446,26.86213
"908",57.60186,26.87023
"909",57.37148,26.79766
"910",57.40628,26.81374
"911",57.45846,26.83803
"912",57.49327,26.85408
"913",57.61504,26.91098
"914",57.38997,26.829
"915",57.43689,26.86226
"916",57.59344,26.93533
"917",57.55441,26.95157
"918",57.58071,27.033
"919",56.86713,22.87367
"920",56.82541,22.92607
"921",56.78043,23.0106
"922",56.86857,23.04126
"923",56.84767,23.06724
"924",56.63288,23.02612
"925",56.8607,22.93825
"926",56.69349,25.45056
"927",56.72842,25.46501
"928",56.37756,23.2026
"929",56.88835,23.3812
"930",56.64863,25.36512
"931",56.34576,25.44146
"932",56.4507,25.48344
"933",56.373002,25.51912
"934",56.2565,25.57093
"935",57.00174,26.66309
"936",56.92795,26.66372
"937",56.9976,26.69518
"938",56.9586,26.71144
"939",56.86745,26.70418
"940",56.70656,26.6658
"941",56.89808,26.75189
"942",56.96769,26.78339
"943",57.01986,26.80717
"944",57.05468,26.82299
"945",57.08946,26.83901
"946",57.12131,26.85663
"947",56.63276,26.66648
"948",56.66772,26.68145
"949",56.94611,26.80746
"950",56.90714,26.82371
"951",56.99827,26.86353
"952",57.06372,26.89519
"953",57.04206,26.91933
"954",57.18121,26.98353
"955",56.74345,27.22226
"956",56.60915,27.39542
"957",56.87332,21.24331
"958",56.89412,21.24044
"959",57.08582,27.00754
"960",56.64677,26.8409
"961",56.65996,26.88055
"962",56.71216,26.90417
"963",57.16301,27.11475
"964",56.67316,26.9202
"965",56.72531,26.94389
"966",56.73852,26.98362
"967",57.08617,27.14403
"968",56.74412,27.02821
"969",56.67788,27.02338
"970",56.84743,27.13511
"971",56.88224,27.15123
"972",57.00385,27.2078
"973",57.05594,27.23217
"974",57.07335,27.2403
"975",56.98214,27.23171
"976",57.0169,27.24796
"977",57.06808,27.28284
"978",57.10375,27.28869
"979",56.57822,27.07898
"980",56.68198,27.1321
"981",56.89107,27.22313
"982",56.96051,27.25561
"983",56.76516,27.19855
"984",57.07775,27.34469
"985",56.81295,27.25458
"986",56.93438,27.30895
"987",56.56542,27.17397
"988",56.6871,27.22995
"989",56.87811,27.31882
"990",56.9129,27.33514
"991",56.9476,27.35151
"992",57.03441,27.39237
"993",57.06911,27.40885
"994",56.57855,27.21368
"995",56.82173,27.32639
"996",56.89116,27.35894
"997",56.97802,27.39979
"998",57.09953,27.45737
"999",57.13254,27.45518
"1000",56.90424,27.39895
"1001",56.79573,27.38192
"1002",56.83043,27.39827
"1003",57.10815,27.5298
"1004",57.1428,27.5464
"1005",56.56581,27.31269
"1006",56.76524,27.41389
"1007",56.84348,27.43834
"1008",56.96255,21.47005
"1009",56.99792,21.48091
"1010",57.10157,21.74718
"1011",57.03944,22.02863
"1012",57.11017,22.0515
"1013",57.19858,22.0802
"1014",56.97541,22.50909
"1015",57.06407,22.5392
"1016",56.92158,22.69184
"1017",56.97947,22.84541
"1018",57.01483,22.85896
"1019",57.13816,22.90035
"1020",56.64788,24.09582
"1021",56.68299,24.10902
"1022",57.00371,21.41591
"1023",57.16312,21.46483
"1024",57.25165,21.4922
"1025",57.28468,21.51364
"1026",56.87687,21.41063
"1027",56.89458,21.41599
"1028",57.01856,21.45385
"1029",57.05398,21.46471
"1030",57.21337,21.5139
"1031",57.23109,21.5194
"1032",56.92714,21.45923
"1033",57.28131,21.56866
"1034",57.44064,21.61872
"1035",56.94195,21.49712
"1036",56.9774,21.50795
"1037",57.50854,21.67405
"1038",56.95681,21.53495
"1039",57.06303,21.5678
"1040",57.15159,21.59531
"1041",57.43481,21.68443
"1042",57.47021,21.69567
"1043",57.54093,21.71828
"1044",56.91851,21.55652
"1045",57.07787,21.60587
"1046",57.11327,21.61687
"1047",57.369788,22.00124
"1048",57.40515,22.01274
"1049",57.16638,21.63347
"1050",57.20184,21.64463
"1051",57.39558,21.70144
"1052",57.43188,21.71731
"1053",57.52039,21.74552
"1054",57.55576,21.75687
"1055",56.89793,21.58339
"1056",57.30448,21.70327
"1057",57.34045,21.72197
"1058",57.37586,21.7332
"1059",57.49974,21.77275
"1060",57.56764,21.796223
"1061",57.00126,21.64878
"1062",57.08968,21.67652
"1063",57.12513,21.68758
"1064",57.16052,21.69872
"1065",57.19593,21.70988
"1066",57.2491,21.72662
"1067",57.29269,21.73413
"1068",57.44367,21.78866
"1069",57.47904,21.80005
"1070",57.51445,21.81137
"1071",57.56425,21.82953
"1072",56.85669,21.63726
"1073",56.89212,21.64824
"1074",57.05142,21.69794
"1075",57.122222,21.72015
"1076",57.36996,21.79878
"1077",57.26084,21.79765
"1078",57.29622,21.80897
"1079",57.3847,21.83728
"1080",57.41748,21.84805
"1081",56.9217,21.72408
"1082",56.95707,21.7352
"1083",56.99245,21.74626
"1084",57.15174,21.79656
"1085",57.34634,21.85868
"1086",57.47017,21.89864
"1087",56.93643,21.76204
"1088",56.9718,21.77322
"1089",57.02495,21.78997
"1090",57.06028,21.80107
"1091",57.1311,21.82357
"1092",57.22287,21.85882
"1093",57.29031,21.87439
"1094",57.45222,21.91637
"1095",56.95091,21.80157
"1096",57.03963,21.82792
"1097",57.35808,21.92995
"1098",57.39346,21.94139
"1099",56.96212,21.85285
"1100",57.03667,21.86052
"1101",57.1959,21.91135
"1102",57.35508,21.96271
"1103",56.92757,21.85927
"1104",56.94737,21.86566
"1105",57.08678,21.90996
"1106",57.10447,21.91559
"1107",57.13989,21.92692
"1108",57.15337,21.93806
"1109",57.17522,21.93828
"1110",57.24598,21.96107
"1111",56.87153,21.87488
"1112",57.03046,21.92625
"1113",57.15448,21.96514
"1114",57.18684,21.97913
"1115",56.9392,21.92967
"1116",57.01007,21.9523
"1117",57.0631,21.96932
"1118",57.09158,21.96241
"1119",57.16927,22.00348
"1120",57.22228,22.02068
"1121",57.25766,22.03215
"1122",57.29302,22.04369
"1123",57.32839,22.0552
"1124",56.93633,21.96214
"1125",56.98939,21.9791
"1126",57.02477,21.99049
"1127",57.14593,22.01498
"1128",57.18402,22.04496
"1129",57.30767,22.08216
"1130",57.34304,22.09374
"1131",56.88026,21.97762
"1132",56.91576,21.98928
"1133",57.23392,22.09173
"1134",57.26924,22.10307
"1135",57.00103,22.04961
"1136",57.05418,22.06709
"1137",57.1602,22.10127
"1138",57.06868,22.10499
"1139",57.15715,22.13387
"1140",56.90405,22.11676
"1141",56.93895,22.12983
"1142",56.8638,22.14462
"1143",56.92444,22.15051
"1144",56.95046,22.16833
"1145",57.02625,22.18751
"1146",57.23638,22.26076
"1147",56.96689,22.20653
"1148",57.00357,22.2177
"1149",56.87682,22.20972
"1150",56.91216,22.22126
"1151",56.94751,22.23278
"1152",56.98278,22.24433
"1153",56.96265,22.27718
"1154",56.8884,22.28022
"1155",56.92354,22.29201
"1156",57.01204,22.32087
"1157",56.90295,22.31831
"1158",56.97919,22.30239
"1159",57.02664,22.35917
"1160",57.22111,22.42665
"1161",57.00591,22.38575
"1162",57.0412,22.39749
"1163",57.07653,22.40924
"1164",56.8955,22.3836
"1165",56.98511,22.41231
"1166",57.02045,22.42401
"1167",57.05576,22.43582
"1168",57.14302,22.50142
"1169",57.35286,22.56974
"1170",57.38814,22.58185
"1171",56.94601,22.46731
"1172",56.96146,22.47143
"1173",57.08485,22.51263
"1174",57.10252,22.51863
"1175",57.1202,22.52451
"1176",57.34578,22.59744
"1177",57.0994,22.55111
"1178",57.13473,22.56301
"1179",57.41714,22.65943
"1180",56.91592,22.52075
"1181",57.11385,22.58958
"1182",56.96951,22.57432
"1183",57.252501,22.67786
"1184",57.4108,22.72497
"1185",57.44612,22.73723
"1186",56.89571,22.58288
"1187",57.46056,22.77614
"1188",56.99854,22.65108
"1189",57.03381,22.66311
"1190",57.2809,22.74767
"1191",57.38678,22.78435
"1192",57.4106,22.79218
"1193",57.42207,22.79663
"1194",57.43968,22.80278
"1195",56.85413,22.63567
"1196",56.88943,22.64759
"1197",56.977755,22.67839
"1198",57.01336,22.69052
"1199",57.08351,22.71477
"1200",57.17182,22.74376
"1201",57.29535,22.7864
"1202",57.36594,22.81093
"1203",57.41885,22.82939
"1204",57.398,22.85599
"1205",56.88309,22.71219
"1206",56.9537,22.73623
"1207",57.32419,22.86398
"1208",56.96815,22.77461
"1209",57.00346,22.7867
"1210",57.09166,22.81703
"1211",56.87672,22.77682
"1212",56.94669,22.80752
"1213",57.11542,22.97018
"1214",57.04029,22.96705
"1215",57.12844,22.99789
"1216",56.94884,22.96883
"1217",57.0723,23.01182
"1218",57.10757,23.02419
"1219",56.92479,23.0274
"1220",57.01287,23.05813
"1221",57.04164,23.13543
"1222",56.95018,23.13666
"1223",57.03503,23.20018
"1224",56.88783,23.21675
"1225",56.97554,23.24614
"1226",57.01078,23.25865
"1227",57.04603,23.27122
"1228",56.88459,23.24684
"1229",56.95714,23.27376
"1230",56.98985,23.28475
"1231",56.9337,23.29825
"1232",56.99224,23.95712
"1233",56.9852,24.02171
"1234",57.0204,24.03492
"1235",56.6751,24.01002
"1236",56.69002,24.0449
"1237",56.88334,24.11751
"1238",56.66897,24.07038
"1239",56.82713,24.1299
"1240",56.64436,24.12782
"1241",56.65839,24.1664
"1242",56.69355,24.17971
"1243",56.63731,24.19179
"1244",56.45803,24.15783
"1245",56.66887,24.23706
"1246",56.64419,24.29445
"1247",56.58799,24.30642
"1248",56.60555,24.31307
"1249",56.6582,24.33312
"1250",56.63709,24.35839
"1251",57.49578,25.65305
"1252",55.8485,26.32455
"1253",55.77609,26.32937
"1254",56.34891,24.31566
"1255",56.06448,27.08296
"1256",56.11392,27.10261
"1257",56.50437,28.02763
"1258",56.53664,28.04279
"1259",57.04539,25.67301
"1260",57.17172,25.72095
"1261",57.04125,26.07903
"1262",57.19666,26.13686
"1263",56.12354,26.47636
"1264",56.34542,24.34735
"1265",56.30422,24.42155
"1266",57.48127,25.30588
"1267",57.51696,25.31948
"1268",57.42183,25.34783
"1269",57.4918,25.37737
"1270",57.5055,25.41735
"1271",57.55787,25.43963
"1272",57.4841,25.4425
"1273",57.46274,25.46773
"1274",57.54359,25.51042
"1275",57.48999,25.54781
"1276",57.34621,25.5207
"1277",57.4511,25.56544
"1278",57.50365,25.58806
"1279",57.08003,25.44257
"1280",57.16746,25.47927
"1281",57.20244,25.49397
"1282",57.23743,25.50872
"1283",57.39482,25.57553
"1284",57.51715,25.62792
"1285",57.07232,25.50708
"1286",57.14224,25.53654
"1287",57.22968,25.57351
"1288",57.4577,25.68813
"1289",57.24325,25.61326
"1290",57.27825,25.62819
"1291",57.34816,25.65807
"1292",57.50537,25.7257
"1293",57.29181,25.66806
"1294",57.37917,25.70548
"1295",57.27039,25.69297
"1296",57.32285,25.71552
"1297",57.35778,25.73045
"1298",57.24902,25.71788
"1299",57.52597,25.8853
"1300",57.24114,25.78261
"1301",57.51661,25.93648
"1302",57.49517,25.96136
"1303",57.26423,25.89476
"1304",57.35112,25.94458
"1305",57.50866,26.00166
"1306",57.48718,26.02651
"1307",57.5221,26.04191
"1308",55.78831,26.36576
"1309",55.78019,26.42798
"1310",55.83236,26.45038
"1311",55.79352,26.46654
"1312",55.8417,26.52006
"1313",55.85498,26.55874
"1314",55.70203,26.5905
"1315",55.89486,26.67481
"1316",55.71974,26.46789
"1317",55.75457,26.48275
"1318",56.10924,27.00091
"1319",57.20414,27.507
"1320",55.90532,27.00951
"1321",55.92266,27.01716
"1322",55.91462,27.21201
"1323",56.39091,28.03309
"1324",56.53378,28.07314
"1325",57.45967,27.38944
"1326",57.49369,27.40873
"1327",55.71708,26.62992
"1328",55.75148,26.64563
"1329",55.78631,26.66078
"1330",55.94299,26.72872
"1331",57.38857,27.39692
"1332",57.44509,27.42263
"1333",57.47276,27.43009
"1334",55.76475,26.68434
"1335",57.41631,27.43748
"1336",57.51596,27.48162
"1337",55.89979,26.77605
"1338",57.35986,27.44464
"1339",57.39458,27.46144
"1340",55.75686,26.74736
"1341",57.15752,27.38935
"1342",57.23106,27.42422
"1343",57.31504,27.46442
"1344",57.39021,27.49377
"1345",57.47842,27.53543
"1346",55.78512,26.803
"1347",55.9959,26.8843
"1348",56.08285,26.9228
"1349",57.14237,27.40141
"1350",57.18431,27.41889
"1351",57.21231,27.44271
"1352",57.28173,27.47592
"1353",57.29912,27.48425
"1354",57.33384,27.50088
"1355",57.36847,27.5177
"1356",56.00914,26.92319
"1357",56.0961,26.96178
"1358",57.15543,27.45144
"1359",57.31191,27.66223
"1360",57.34659,27.67907
"1361",56.07492,27.11829
"1362",56.16182,27.15748
"1363",56.47453,27.30012
"1364",57.18529,27.63637
"1365",57.2235,27.64466
"1366",57.29015,27.68613
"1367",55.86209,27.0563
"1368",56.01852,27.12612
"1369",56.14015,27.18096
"1370",56.26176,27.23615
"1371",56.38343,27.29175
"1372",56.41813,27.30771
"1373",56.53971,27.36383
"1374",56.5744,27.37996
"1375",57.23372,27.69299
"1376",57.32041,27.73512
"1377",56.10263,27.20421
"1378",56.19172,27.23863
"1379",56.41382,27.3392
"1380",57.28381,27.74093
"1381",55.85352,27.11852
"1382",56.19427,27.28755
"1383",56.21849,27.28314
"1384",56.23582,27.29101
"1385",56.37619,27.36556
"1386",56.42684,27.3788
"1387",56.53127,27.42684
"1388",56.54839,27.4352
"1389",55.86671,27.15744
"1390",56.0926,27.25917
"1391",56.12729,27.2749
"1392",56.2489,27.33033
"1393",56.28363,27.34625
"1394",56.40504,27.40075
"1395",56.51553,26.71568
"1396",56.58549,26.74614
"1397",57.02049,26.94346
"1398",57.52458,27.17898
"1399",56.40727,26.7004
"1400",56.4599,26.73181
"1401",57.27272,27.12892
"1402",56.46145,27.26059
"1403",56.7891,21.39241
"1404",56.82374,21.39457
"1405",56.62024,22.22618
"1406",56.63791,22.23191
"1407",56.99466,26.28669
"1408",56.74952,23.83335
"1409",57.24536,27.0822
"1410",57.27702,27.09659
"1411",57.4027,27.14651
"1412",57.50299,27.2033
"1413",55.95037,26.53391
"1414",56.02003,26.56403
"1415",56.10395,26.59462
"1416",57.01218,27.00799
"1417",57.51598,27.24394
"1418",55.92879,26.55759
"1419",55.9986,26.5878
"1420",56.12294,26.64267
"1421",56.19009,26.67125
"1422",56.22478,26.68654
"1423",56.24226,26.69429
"1424",56.38126,26.75583
"1425",57.32244,27.19218
"1426",57.33563,27.19198
"1427",57.44224,27.2433
"1428",57.4831,27.25927
"1429",57.49433,27.26807
"1430",56.2033,26.71034
"1431",56.25551,26.73336
"1432",56.32517,26.76411
"1433",56.35995,26.77959
"1434",57.22943,27.17699
"1435",57.26181,27.20104
"1436",57.38584,27.2508
"1437",57.4553,27.28395
"1438",56.30357,26.78793
"1439",56.51235,26.88134
"1440",57.20778,27.20104
"1441",57.24253,27.21739
"1442",57.32939,27.25848
"1443",57.39865,27.29117
"1444",57.45097,27.3163
"1445",57.48574,27.33292
"1446",55.96868,26.67383
"1447",56.12533,26.74254
"1448",56.28203,26.81183
"1449",56.5614,27.4749
"1450",56.68304,27.53862
"1451",57.15133,27.7582
"1452",57.18584,27.77262
"1453",57.21708,27.79734
"1454",57.29625,27.84091
"1455",55.84508,27.18073
"1456",56.12305,27.3062
"1457",56.19253,27.33787
"1458",56.27376,27.38026
"1459",56.3835,27.42578
"1460",56.43558,27.44995
"1461",56.50921,27.49003
"1462",56.59362,27.5256
"1463",56.69588,27.57183
"1464",56.91148,27.68219
"1465",57.2161,27.82573
"1466",57.25648,27.84874
"1467",56.15343,27.35306
"1468",56.20556,27.37721
"1469",56.67418,27.59537
"1470",56.70882,27.61171
"1471",55.97549,27.30555
"1472",56.16653,27.39264
"1473",56.35749,27.48073
"1474",56.40955,27.50485
"1475",56.5657,27.57795
"1476",56.72177,27.6517
"1477",55.83224,27.27398
"1478",56.11012,27.40004
"1479",56.26317,27.47479
"1480",56.53389,27.58555
"1481",56.61334,27.63411
"1482",56.76941,27.70824
"1483",56.83622,27.73948
"1484",56.08801,27.4205
"1485",56.15951,27.45053
"1486",56.20975,27.475
"1487",56.24493,27.4959
"1488",56.27951,27.51103
"1489",56.36541,27.56215
"1490",56.40042,27.55933
"1491",56.59158,27.65759
"1492",56.83438,27.77324
"1493",55.87579,27.3596
"1494",56.06528,27.44633
"1495",56.13281,27.46935
"1496",56.34439,27.57502
"1497",56.53523,27.66465
"1498",56.69125,27.73866
"1499",56.81277,27.79654
"1500",56.6175,27.73733
"1501",56.84283,27.84528
"1502",55.97129,27.46941
"1503",56.13097,27.54323
"1504",56.353,27.64607
"1505",56.4397,27.68681
"1506",56.49173,27.71139
"1507",56.5784,27.7525
"1508",56.14048,27.5804
"1509",56.29661,27.65312
"1510",56.36599,27.68565
"1511",56.43051,27.74115
"1512",55.85419,27.51516
"1513",56.04425,27.61513
"1514",56.16643,27.65914
"1515",56.32063,27.73545
"1516",56.43206,27.7847
"1517",56.47764,27.79537
"1518",56.63335,27.87725
"1519",56.0927,27.65814
"1520",56.36932,27.79245
"1521",56.68195,27.93716
"1522",56.01437,27.65471
"1523",56.03211,27.66493
"1524",56.07021,27.68613
"1525",56.13996,27.71465
"1526",56.19232,27.73797
"1527",56.22701,27.75421
"1528",56.31366,27.79508
"1529",56.32942,27.79153
"1530",56.38461,27.82088
"1531",56.60381,27.96055
"1532",56.30926,27.82643
"1533",56.36126,27.85109
"1534",56.43055,27.88403
"1535",56.51717,27.92546
"1536",56.54791,27.9573
"1537",55.99282,27.71144
"1538",56.13643,27.7819
"1539",56.37419,27.89071
"1540",56.02311,27.75881
"1541",56.17611,27.8324
"1542",56.07586,27.917
"1543",56.16131,27.95699
"1544",56.23104,27.8564
"1545",56.54287,28.00515
"1546",56.00776,27.76538
"1547",56.04522,27.79328
"1548",56.07064,27.81432
"1549",56.24399,27.89594
"1550",56.31364,27.92795
"1551",56.13092,27.87099
"1552",56.25684,27.93551
"1553",56.29147,27.95208
"1554",56.2697,27.97509
"1555",56.29522,27.96891
"1556",56.30432,27.99162
"1557",56.28255,28.01471
"1558",56.1742,27.99651
"1559",56.45123,28.12936
"1560",56.18706,28.03603
"1561",56.30823,28.09401
"1562",56.42741,28.15542
"1563",56.32104,28.1337
"1564",56.17806,28.0986
"1565",56.22569,28.14483
"1566",56.2947,28.18807
"1567",57.46553,25.36304
"1568",57.2643,25.2819
"1569",57.34806,25.35088
"1570",57.38297,25.36561
"1571",57.04673,25.25968
"1572",57.10071,25.28032
"1573",57.08041,25.30611
"1574",57.14804,25.33838
"1575",57.3054,25.40126
"1576",57.28841,25.43234
"1577",57.24901,25.44847
"1578",57.10136,25.4176
"1579",57.29378,25.49853
"1580",57.28986,25.53095
"1581",57.09954,25.5863
"1582",57.1346,25.60332
"1583",57.1694,25.61643
"1584",57.41413,25.72056
"1585",56.95583,25.55956
"1586",57.48005,25.78319
"1587",57.12569,25.6584
"1588",57.06585,26.01543
"1589",57.11969,26.03309
"1590",57.09518,26.36519
"1591",57.13002,26.3808
"1592",56.09352,25.77069
"1593",56.12043,25.77986
"1594",57.48153,25.85591
"1595",57.00441,25.6846
"1596",57.15901,25.73706
"1597",57.19216,25.76179
"1598",57.38098,25.84293
"1599",57.41581,25.85819
"1600",57.46827,25.88097
"1601",56.88775,25.66601
"1602",56.92302,25.68277
"1603",57.20228,25.79996
"1604",57.35839,25.86979
"1605",57.41197,25.89304
"1606",57.18027,25.83021
"1607",57.46027,25.94608
"1608",57.00281,25.78736
"1609",57.15938,25.84953
"1610",57.19438,25.86452
"1611",57.41211,25.96196
"1612",56.82421,25.73676
"1613",57.08559,25.84972
"1614",57.38242,25.98044
"1615",57.39987,25.98815
"1616",57.43478,26.00348
"1617",56.87208,25.79424
"1618",57.10334,25.89108
"1619",57.37849,26.01286
"1620",57.41114,26.03103
"1621",57.44822,26.0436
"1622",56.9708,25.87062
"1623",57.23987,26.02362
"1624",57.29077,26.00613
"1625",57.39194,26.05306
"1626",57.08572,25.95868
"1627",56.94754,25.92784
"1628",57.1052,25.99301
"1629",57.26292,26.07864
"1630",56.90867,25.94496
"1631",56.9592,25.97886
"1632",57.20094,26.09245
"1633",57.22311,26.0789
"1634",57.43208,26.17212
"1635",56.93955,25.9919
"1636",57.10122,26.06159
"1637",57.23222,26.15346
"1638",57.26385,26.17215
"1639",57.34534,26.18601
"1640",57.0712,26.11695
"1641",57.12359,26.13977
"1642",57.22818,26.18585
"1643",57.04738,26.12253
"1644",57.0859,26.15487
"1645",57.11977,26.17103
"1646",57.27097,26.24011
"1647",57.43068,26.31423
"1648",57.02842,26.17129
"1649",57.15033,26.21965
"1650",57.25499,26.26594
"1651",57.04162,26.20579
"1652",57.09397,26.22876
"1653",57.12755,26.24361
"1654",57.25097,26.29824
"1655",57.28579,26.31372
"1656",57.02023,26.23009
"1657",57.18222,26.30162
"1658",57.14254,26.35336
"1659",57.08178,26.32522
"1660",57.11907,26.34586
"1661",57.1519,26.35875
"1662",57.27353,26.41066
"1663",57.28691,26.451
"1664",57.48466,26.55365
"1665",57.07345,26.39521
"1666",57.23054,26.4597
"1667",57.26789,26.47997
"1668",57.12181,26.44516
"1669",57.19158,26.47631
"1670",57.27871,26.51557
"1671",57.08336,26.46126
"1672",57.14146,26.50534
"1673",57.16996,26.50146
"1674",57.20039,26.51437
"1675",57.23968,26.53221
"1676",57.07231,26.46922
"1677",57.1834,26.54306
"1678",57.21816,26.55655
"1679",57.2776,26.58165
"1680",57.21405,26.58889
"1681",57.24891,26.60468
"1682",57.2837,26.62044
"1683",57.5502,26.72894
"1684",57.60234,27.01074
"1685",56.1864,25.84025
"1686",56.41348,25.93502
"1687",56.07908,25.82361
"1688",56.23482,25.89359
"1689",56.12604,25.88171
"1690",56.16103,25.89599
"1691",56.28326,25.94717
"1692",56.34861,25.96725
"1693",56.0523,25.88372
"1694",56.10471,25.90555
"1695",56.13966,25.92011
"1696",56.20947,25.94938
"1697",56.37337,26.01112
"1698",56.1531,25.95885
"1699",56.00896,25.93266
"1700",56.16661,25.9976
"1701",56.25386,26.0344
"1702",56.02296,25.97057
"1703",55.98409,25.98737
"1704",56.14121,26.0532
"1705",56.24193,26.1289
"1706",56.68396,21.12086
"1707",56.73713,21.13647
"1708",56.45075,21.08575
"1709",56.06414,25.78967
"1710",56.16542,26.4661
"1711",55.94523,26.4326
"1712",55.98,26.44764
"1713",56.16791,26.562
"1714",56.15247,26.95375
"1715",56.06446,26.08914
"1716",56.18468,26.14313
"1717",56.22047,26.15309
"1718",55.96939,26.11843
"1719",55.999999,26.11707
"1720",56.09027,26.16409
"1721",56.12519,26.17881
"1722",56.24416,26.22588
"1723",57.25798,26.67706
"1724",56.05137,26.18072
"1725",56.06757,26.17757
"1726",56.10371,26.20285
"1727",56.17348,26.23258
"1728",55.99511,26.19004
"1729",56.11715,26.24163
"1730",57.14521,26.69404
"1731",57.24965,26.74169
"1732",55.97356,26.2138
"1733",57.15842,26.73413
"1734",57.31087,26.83836
"1735",57.20229,26.82254
"1736",57.25871,26.85091
"1737",57.27431,26.84515
"1738",55.98017,26.31466
"1739",56.04859,26.34485
"1740",56.17071,26.39702
"1741",56.29905,26.44282
"1742",57.30281,26.91119
"1743",55.95738,26.33889
"1744",56.11429,26.40606
"1745",56.14729,26.42256
"1746",56.23629,26.45876
"1747",56.54987,26.59609
"1748",57.2113,26.89493
"1749",57.48955,27.02492
"1750",56.98093,26.82334
"1751",57.25874,26.94412
"1752",55.93183,26.39397
"1753",56.28035,26.54445
"1754",56.43704,26.61318
"1755",57.22026,26.96749
"1756",57.3072,27.00793
"1757",57.4984,27.09762
"1758",56.17169,26.53042
"1759",56.29364,26.58359
"1760",56.41714,26.63593
"1761",57.0073,26.90335
"1762",57.19568,26.9921
"1763",57.31829,27.04744
"1764",57.38982,27.08092
"1765",57.4072,27.08909
"1766",55.95853,26.47137
"1767",56.27213,26.60773
"1768",56.35916,26.64574
"1769",57.37471,27.30941
"1770",57.41192,27.33214
"1771",57.48137,27.35036
"1772",56.20819,26.81226
"1773",56.39815,26.90335
"1774",56.83321,27.09405
"1775",57.26874,27.29826
"1776",57.30348,27.31481
"1777",57.33814,27.3312
"1778",56.11699,26.80509
"1779",56.18662,26.83595
"1780",56.27352,26.87451
"1781",56.29105,26.88241
"1782",56.30754,26.88192
"1783",56.77796,27.10297
"1784",57.1958,27.31238
"1785",57.22969,27.31396
"1786",57.24703,27.32229
"1787",57.31648,27.35526
"1788",56.28178,26.90985
"1789",56.31834,26.923
"1790",56.76084,27.13218
"1791",57.17326,27.32158
"1792",57.25734,27.375
"1793",56.26519,26.93758
"1794",56.33091,26.96196
"1795",57.11683,27.32901
"1796",57.1514,27.35437
"1797",56.13926,26.91466
"1798",56.348,27.00805
"1799",56.20463,26.97702
"1800",56.39395,27.07412
"1801",56.41332,27.07098
"1802",56.1656,26.99288
"1803",56.2178,27.01621
"1804",56.25258,27.03193
"1805",56.31095,27.05966
"1806",56.374162,27.096598
"1807",56.23094,27.05548
"1808",56.26573,27.07112
"1809",56.31783,27.087
"1810",56.20511,27.11045
"1811",56.29201,27.14972
"1812",56.36166,27.18296
"1813",56.31023,27.18175
"1814",56.49605,27.27671
"1815",56.19656,27.17317
"1816",56.28347,27.21258
"1817",56.43988,27.28457
"1818",56.5654,21.02026
"1819",56.6989,21.1583
"1820",56.77623,21.19964
"1821",56.14661,21.03086
"1822",56.28181,21.06379
"1823",56.50115,21.13326
"1824",57.79813,24.7832
"1825",57.83353,24.79714
"1826",57.85125,24.80557
"1827",57.88634,24.81997
"1828",57.11095,24.54193
"1829",57.46182,24.6814
"1830",57.54951,24.71681
"1831",57.74237,24.7953
"1832",57.81251,24.82409
"1833",57.84757,24.8385
"1834",57.93571,24.87414
"1835",57.31554,24.64527
"1836",57.40455,24.69339
"1837",57.47567,24.72114
"1838",57.52829,24.74242
"1839",57.33157,24.69763
"1840",57.4961,24.75899
"1841",57.55966,24.78934
"1842",57.72683,24.8726
"1843",57.80587,24.89571
"1844",57.87515,24.91898
"1845",57.96279,24.9555
"1846",57.02987,24.61127
"1847",57.06492,24.6251
"1848",57.19146,24.67409
"1849",57.29293,24.7158
"1850",57.34555,24.73688
"1851",57.57347,24.82917
"1852",57.60738,24.8463
"1853",57.85387,24.94473
"1854",57.00867,24.63665
"1855",57.07883,24.66435
"1856",57.86772,24.98871
"1857",56.5543,21.14886
"1858",56.7847,21.21692
"1859",56.83345,21.22989
"1860",56.21477,21.08302
"1861",56.25023,21.09325
"1862",56.32112,21.11376
"1863",56.44519,21.14985
"1864",56.4829,21.16751
"1865",56.56912,21.19172
"1866",56.7646,21.25664
"1867",56.79961,21.25447
"1868",56.19428,21.10979
"1869",56.22974,21.12001
"1870",56.31833,21.1457
"1871",56.42467,21.17667
"1872",56.5842,21.22359
"1873",56.63731,21.23929
"1874",56.74366,21.27091
"1875",56.79566,21.28812
"1876",56.83258,21.29157
"1877",56.19149,21.1416
"1878",56.24467,21.15705
"1879",56.27999,21.16778
"1880",56.43959,21.2139
"1881",56.20647,21.17861
"1882",56.29504,21.20439
"1883",56.33047,21.21475
"1884",56.36594,21.22513
"1885",56.45451,21.25121
"1886",56.61399,21.29844
"1887",56.77343,21.34621
"1888",56.80426,21.36526
"1889",56.8443,21.3675
"1890",56.38274,21.26339
"1891",56.39859,21.26761
"1892",56.41628,21.27275
"1893",56.69984,21.35767
"1894",56.12998,21.22165
"1895",56.20085,21.24231
"1896",56.32489,21.27866
"1897",56.35987,21.28987
"1898",56.52213,21.3554
"1899",56.60832,21.36279
"1900",56.67916,21.38402
"1901",56.80317,21.42148
"1902",56.23398,21.27809
"1903",56.49919,21.36308
"1904",56.42553,21.37404
"1905",56.67864,21.45231
"1906",56.36952,21.39029
"1907",56.4013,21.40754
"1908",56.45521,21.44865
"1909",56.49245,21.49773
"1910",56.25816,21.44126
"1911",56.57345,21.55036
"1912",56.64427,21.57192
"1913",56.6284,21.58939
"1914",56.81837,21.65867
"1915",56.35523,21.5501
"1916",56.37269,21.56668
"1917",56.52484,21.66209
"1918",56.39975,21.66209
"1919",56.69759,21.78697
"1920",56.78135,21.83778
"1921",56.35841,21.71518
"1922",56.71025,21.82869
"1923",56.69167,21.85143
"1924",56.5118,21.82836
"1925",56.67103,21.87809
"1926",56.39729,21.83315
"1927",56.59549,21.90261
"1928",56.57039,21.91902
"1929",56.46753,21.91342
"1930",56.59132,21.95229
"1931",56.62667,21.96343
"1932",56.72151,21.98635
"1933",56.7505,22.00274
"1934",56.4115,21.92884
"1935",56.54032,21.96694
"1936",56.42621,21.96634
"1937",56.5323,21.9997
"1938",56.77983,22.10566
"1939",56.85058,22.10124
"1940",56.4285,21.99521
"1941",56.49396,22.02063
"1942",56.5116,22.02623
"1943",56.65518,22.07057
"1944",56.67076,22.0768
"1945",56.81219,22.12221
"1946",56.49094,22.05266
"1947",56.65006,22.10329
"1948",56.80276,22.15869
"1949",56.55864,22.1072
"1950",56.59386,22.11555
"1951",56.75305,22.16962
"1952",56.8238,22.19248
"1953",56.52026,22.12799
"1954",56.79412,22.2282
"1955",56.5327,22.15865
"1956",56.85205,22.26501
"1957",56.4783,22.17133
"1958",56.54951,22.20339
"1959",56.58478,22.21497
"1960",56.86146,22.37136
"1961",56.59727,22.31934
"1962",56.66404,22.33984
"1963",56.44895,22.30305
"1964",56.48717,22.31753
"1965",56.51975,22.32622
"1966",56.56224,22.33266
"1967",56.67891,22.37657
"1968",56.83237,22.43172
"1969",56.58916,22.39067
"1970",56.62252,22.39257
"1971",56.78148,22.44488
"1972",56.81683,22.45656
"1973",56.85215,22.46829
"1974",56.48446,22.37326
"1975",56.55296,22.41384
"1976",56.5831,21.02541
"1977",56.60023,21.03133
"1978",56.6186,21.03569
"1979",56.65409,21.04637
"1980",56.34987,20.99097
"1981",56.59275,21.0724
"1982",56.25848,20.99754
"1983",56.29395,21.0077
"1984",56.64923,21.10272
"1985",56.75854,21.30854
"1986",56.82941,21.32982
"1987",56.60306,21.62544
"1988",56.4349,22.06791
"1989",56.5056,22.0903
"1990",56.79596,22.48293
"1991",56.84904,22.50054
"1992",56.56336,22.43935
"1993",56.61558,22.45664
"1994",56.70129,22.5194
"1995",56.6454,22.53267
"1996",56.75134,22.56787
"1997",56.50103,22.51803
"1998",56.57165,22.5413
"1999",56.4771,22.5762
"2000",56.85959,25.88171
"2001",56.80389,25.90001
"2002",56.78457,25.92979
"2003",56.81736,25.93942
"2004",56.72612,25.9341
"2005",56.64833,25.96812
"2006",56.6658,25.97553
"2007",56.7356,26.00536
"2008",56.76919,26.01907
"2009",56.55715,25.96569
"2010",56.58946,25.97679
"2011",56.57056,26.00103
"2012",56.62447,26.03067
"2013",56.77997,26.09172
"2014",56.81488,26.10687
"2015",56.93697,26.15986
"2016",56.65342,26.069
"2017",56.81087,26.13883
"2018",56.85745,26.16535
"2019",56.89811,26.17676
"2020",56.47529,26.02828
"2021",56.51023,26.04319
"2022",56.74519,26.11994
"2023",56.78937,26.16326
"2024",56.82428,26.17838
"2025",56.9813,26.24702
"2026",56.77557,26.22256
"2027",56.89011,26.24095
"2028",57.02954,26.30212
"2029",56.64841,26.17279
"2030",56.78132,26.2271
"2031",56.86903,26.26653
"2032",56.93827,26.29581
"2033",56.56821,26.16772
"2034",56.69007,26.22108
"2035",56.75991,26.25008
"2036",56.72091,26.2681
"2037",56.87856,26.33195
"2038",56.50761,26.2092
"2039",57.04654,26.4443
"2040",56.43379,26.21087
"2041",56.86969,26.40084
"2042",56.99168,26.45498
"2043",56.44554,26.25746
"2044",56.46461,26.2576
"2045",56.90046,26.44829
"2046",57.00499,26.49481
"2047",56.77048,26.42283
"2048",57.08768,26.5614
"2049",56.4391,26.31333
"2050",56.59539,26.38008
"2051",56.75286,26.45045
"2052",56.78771,26.46585
"2053",56.87483,26.50454
"2054",56.94588,26.51885
"2055",57.06642,26.59031
"2056",57.10129,26.60602
"2057",56.76617,26.49007
"2058",56.80104,26.50552
"2059",56.83585,26.52102
"2060",56.84996,26.52635
"2061",56.95779,26.57544
"2062",56.46584,26.39178
"2063",56.7098,26.49884
"2064",56.9376,26.59961
"2065",56.99149,26.63624
"2066",56.75794,26.55381
"2067",56.73641,26.57799
"2068",56.50584,26.50963
"2069",56.64105,26.60292
"2070",56.75165,23.46783
"2071",56.78701,23.47984
"2072",56.76655,23.50595
"2073",56.51614,23.44966
"2074",56.67463,23.50619
"2075",56.74395,23.52901
"2076",56.70654,23.55087
"2077",56.38281,23.5016
"2078",56.6293,23.58972
"2079",56.36189,23.5271
"2080",56.76669,23.67282
"2081",56.40449,23.6415
"2082",56.72128,23.75628
"2083",56.50664,23.71141
"2084",56.57568,23.7285
"2085",56.61225,23.74973
"2086",56.70022,23.78189
"2087",56.73536,23.79475
"2088",56.67916,23.8076
"2089",56.60538,23.81377
"2090",56.72847,23.85901
"2091",56.76368,23.87198
"2092",56.68983,23.87807
"2093",56.64774,23.92927
"2094",57.81238,24.37765
"2095",57.73354,24.37934
"2096",57.76864,24.39334
"2097",56.36296,23.88999
"2098",57.06255,24.15194
"2099",57.6966,24.38906
"2100",57.78262,24.43322
"2101",57.85281,24.46132
"2102",57.11174,24.20454
"2103",57.60344,24.39618
"2104",57.63856,24.41012
"2105",57.70879,24.43813
"2106",57.72633,24.44508
"2107",57.74388,24.45212
"2108",57.7965,24.47323
"2109",57.86672,24.50147
"2110",57.88431,24.5085
"2111",57.90183,24.515555
"2112",57.39166,24.65325
"2113",57.70998,24.91956
"2114",57.81908,24.97603
"2115",57.77232,25.0197
"2116",57.08689,25.07313
"2117",57.20946,25.12338
"2118",57.10818,24.23692
"2119",57.52964,24.40125
"2120",57.58229,24.42204
"2121",57.6876,24.46395
"2122",57.81047,24.5132
"2123",57.93326,24.5629
"2124",57.47335,24.4131
"2125",57.50845,24.42703
"2126",57.56112,24.44785
"2127",57.66643,24.4898
"2128",57.71909,24.51091
"2129",57.43486,24.5938
"2130",57.48213,24.82615
"2131",57.51719,24.8405
"2132",57.27074,24.91061
"2133",57.04293,24.81884
"2134",57.113,24.84695
"2135",56.97788,25.06534
"2136",57.82438,24.55327
"2137",57.87702,24.57459
"2138",57.47976,24.46383
"2139",57.59236,24.49468
"2140",57.68033,24.52968
"2141",57.75051,24.5579
"2142",57.83825,24.59331
"2143",57.90843,24.62184
"2144",57.18528,24.36815
"2145",57.3257,24.4231
"2146",57.52954,24.53055
"2147",57.64267,24.54851
"2148",57.69425,24.56958
"2149",57.7118,24.57661
"2150",57.86971,24.64062
"2151",56.91832,24.29863
"2152",57.26945,24.43494
"2153",57.30454,24.44872
"2154",57.51498,24.53974
"2155",57.6204,24.57424
"2156",57.70815,24.6095
"2157",57.866,24.67362
"2158",57.0201,24.3715
"2159",57.24831,24.4605
"2160",57.40617,24.52266
"2161",57.52884,24.57269
"2162",57.65186,24.6211
"2163",57.72202,24.64951
"2164",57.26223,24.4999
"2165",57.89359,24.75406
"2166",56.96022,24.41561
"2167",57.66185,24.69658
"2168",57.76198,24.73929
"2169",57.7848,24.74385
"2170",57.82053,24.75664
"2171",57.36032,24.60639
"2172",57.37888,24.61676
"2173",57.5531,24.6802
"2174",57.60716,24.71786
"2175",57.98501,25.02651
"2176",58.02536,25.051
"2177",56.95262,24.64873
"2178",57.0578,24.67792
"2179",57.26808,24.7738
"2180",57.46089,24.85172
"2181",57.53102,24.88035
"2182",57.81151,24.99729
"2183",57.89894,25.03257
"2184",56.82597,24.632202
"2185",57.03643,24.715
"2186",57.98277,25.10249
"2187",57.08533,24.76827
"2188",57.12044,24.78229
"2189",57.15548,24.79634
"2190",57.40684,24.90283
"2191",57.43593,24.90983
"2192",57.46998,24.92599
"2193",57.58736,25.00763
"2194",57.7182,25.02529
"2195",58.06656,25.17262
"2196",57.09918,24.80765
"2197",57.2044,24.84988
"2198",57.2219,24.857
"2199",57.36211,24.91376
"2200",57.50152,24.96246
"2201",57.5724,25.00009
"2202",57.64244,25.02897
"2203",57.72992,25.0658
"2204",57.85192,25.1181
"2205",57.95771,25.16109
"2206",58.04778,25.18588
"2207",56.95528,24.78396
"2208",57.39345,24.96058
"2209",57.43153,24.99174
"2210",57.46334,24.99034
"2211",57.70876,25.09102
"2212",57.86635,25.15713
"2213",57.97971,25.22287
"2214",56.96913,24.82308
"2215",57.09158,24.87291
"2216",57.1269,24.88634
"2217",57.4422,25.01488
"2218",56.98292,24.86231
"2219",57.29834,24.98987
"2220",57.456,25.05457
"2221",57.47075,25.06003
"2222",57.5219,25.08614
"2223",57.8414,25.21565
"2224",56.94455,24.87853
"2225",57.01424,24.90861
"2226",57.19165,24.9871
"2227",57.25956,25.008
"2228",57.57483,25.13439
"2229",57.59239,25.14537
"2230",57.62736,25.16003
"2231",57.64583,25.1682
"2232",57.04751,24.95469
"2233",57.36043,25.0844
"2234",57.48067,25.14502
"2235",57.60765,25.19091
"2236",56.98926,24.96606
"2237",57.10573,25.0242
"2238",57.38824,25.12224
"2239",57.4251,25.14431
"2240",57.49721,25.17428
"2241",57.54948,25.19668
"2242",56.84539,24.94183
"2243",57.03809,25.01952
"2244",57.16071,25.06911
"2245",57.42335,25.17771
"2246",56.89421,24.99516
"2247",57.05804,25.06731
"2248",57.36691,25.18827
"2249",57.4371,25.21759
"2250",57.01342,25.07747
"2251",57.03103,25.09389
"2252",57.13501,25.12635
"2253",57.25826,25.17748
"2254",57.32827,25.20642
"2255",57.34576,25.21369
"2256",57.38078,25.22823
"2257",57.41578,25.24286
"2258",56.88673,25.05954
"2259",57.04214,25.12045
"2260",57.07935,25.13777
"2261",57.11434,25.15209
"2262",57.2019,25.18809
"2263",57.30692,25.23159
"2264",57.35948,25.25347
"2265",56.93628,25.11186
"2266",56.98802,25.13416
"2267",57.21563,25.2277
"2268",56.86166,25.11647
"2269",56.95222,25.15514
"2270",57.10675,25.21668
"2271",56.91043,25.16997
"2272",57.06798,25.23452
